"","res_name","con_name"
"1","phytoplankton","zooplankton"
"2","bacterioplankton","zooplankton"
"3","zooplankton","zooplankton"
"4","bacterioplankton","capsospongia undulata"
"5","bacterioplankton","choia carteri"
"6","bacterioplankton","choia ridleyi"
"7","bacterioplankton","crumillospongia biporosa"
"8","bacterioplankton","crumillospongia frondosa"
"9","bacterioplankton","falospongia falata"
"10","bacterioplankton","fieldospongia bellilineata"
"11","bacterioplankton","halichondrites elissa"
"12","bacterioplankton","hamptonia bowerbanki"
"13","bacterioplankton","hazelia conferta"
"14","bacterioplankton","hazelia crateria"
"15","bacterioplankton","hazelia delicatula"
"16","bacterioplankton","hazelia dignata"
"17","bacterioplankton","hazelia grandis"
"18","bacterioplankton","hazelia luteria"
"19","bacterioplankton","hazelia nodulifera"
"20","bacterioplankton","hazelia obscura"
"21","bacterioplankton","hazelia palmata"
"22","bacterioplankton","leptomitus lineatus"
"23","bacterioplankton","moleculospina mammillata"
"24","bacterioplankton","pirania muricata"
"25","bacterioplankton","sentinelia draco"
"26","bacterioplankton","takakkawia lineata"
"27","bacterioplankton","vauxia bellula"
"28","bacterioplankton","vauxia densa"
"29","bacterioplankton","vauxia gracilenta"
"30","bacterioplankton","vauxia venata"
"31","bacterioplankton","wapkia grandis"
"32","bacterioplankton","diagoniella hindei"
"33","bacterioplankton","protospongia hicksi"
"34","bacterioplankton","stephanospongia magnipora"
"35","bacterioplankton","petaloptyon danei"
"36","bacterioplankton","eiffelia globosa"
"37","zooplankton","cambrorhytium fragilis"
"38","zooplankton","cambrorhytium major"
"39","zooplankton","gelenoptron tentaculatum"
"40","zooplankton","mackenzia costalis"
"41","zooplankton","thaumaptilon walcotti"
"42","zooplankton","fasciculus vesanus"
"43","cambrorhytium fragilis","fasciculus vesanus"
"44","cambrorhytium major","fasciculus vesanus"
"45","gelenoptron tentaculatum","fasciculus vesanus"
"46","mackenzia costalis","fasciculus vesanus"
"47","thaumaptilon walcotti","fasciculus vesanus"
"48","suspended organic matter","haplophrentis carinatus"
"49","zooplankton","haplophrentis carinatus"
"50","marpolia spissa","scenella amii"
"51","morania confluens","scenella amii"
"52","morania elongata","scenella amii"
"53","morania fragmenta","scenella amii"
"54","morania frondosa","scenella amii"
"55","morania globosa","scenella amii"
"56","morania parasitica","scenella amii"
"57","morania reticulate","scenella amii"
"58","margaretia dorus","scenella amii"
"59","yuknessia simplex","scenella amii"
"60","bosworthia gyges","scenella amii"
"61","bosworthia simulans","scenella amii"
"62","dalyia nitens","scenella amii"
"63","dalyia racemata","scenella amii"
"64","wahpia mimica","scenella amii"
"65","wahpia virgata","scenella amii"
"66","waputikia ramose","scenella amii"
"67","sphaerocodium cambria","scenella amii"
"68","sphaerocodium praecursor","scenella amii"
"69","dictyphycus gracilis","scenella amii"
"70","zooplankton","scenella amii"
"71","detritus","burgessochaeta setigera"
"72","detritus","canadia spinosa"
"73","detritus","peronochaeta dubia"
"74","detritus","stephenoscolex argutus"
"75","bacterioplankton","wiwaxia corrugata"
"76","detritus","wiwaxia corrugata"
"77","morania elongata","wiwaxia corrugata"
"78","morania fragmenta","wiwaxia corrugata"
"79","morania frondosa","wiwaxia corrugata"
"80","morania globosa","wiwaxia corrugata"
"81","morania parasitica","wiwaxia corrugata"
"82","morania reticulate","wiwaxia corrugata"
"83","margaretia dorus","wiwaxia corrugata"
"84","yuknessia simplex","wiwaxia corrugata"
"85","bosworthia gyges","wiwaxia corrugata"
"86","bosworthia simulans","wiwaxia corrugata"
"87","dalyia nitens","wiwaxia corrugata"
"88","dalyia racemata","wiwaxia corrugata"
"89","wahpia mimica","wiwaxia corrugata"
"90","wahpia virgata","wiwaxia corrugata"
"91","waputikia ramose","wiwaxia corrugata"
"92","zooplankton","acrothyra gregaria"
"93","zooplankton","lingulella waptaensis"
"94","zooplankton","micromitra burgessensis"
"95","zooplankton","paterina zenobia"
"96","zooplankton","diraphora bellicostata"
"97","zooplankton","nisusia burgessensis"
"98","capsospongia undulata","aysheaia pedunculata"
"99","choia carteri","aysheaia pedunculata"
"100","choia ridleyi","aysheaia pedunculata"
"101","crumillospongia biporosa","aysheaia pedunculata"
"102","crumillospongia frondosa","aysheaia pedunculata"
"103","falospongia falata","aysheaia pedunculata"
"104","fieldospongia bellilineata","aysheaia pedunculata"
"105","halichondrites elissa","aysheaia pedunculata"
"106","hamptonia bowerbanki","aysheaia pedunculata"
"107","hazelia conferta","aysheaia pedunculata"
"108","hazelia crateria","aysheaia pedunculata"
"109","hazelia delicatula","aysheaia pedunculata"
"110","hazelia dignata","aysheaia pedunculata"
"111","hazelia grandis","aysheaia pedunculata"
"112","hazelia luteria","aysheaia pedunculata"
"113","hazelia nodulifera","aysheaia pedunculata"
"114","hazelia obscura","aysheaia pedunculata"
"115","hazelia palmata","aysheaia pedunculata"
"116","leptomitus lineatus","aysheaia pedunculata"
"117","moleculospina mammillata","aysheaia pedunculata"
"118","pirania muricata","aysheaia pedunculata"
"119","sentinelia draco","aysheaia pedunculata"
"120","takakkawia lineata","aysheaia pedunculata"
"121","vauxia bellula","aysheaia pedunculata"
"122","vauxia densa","aysheaia pedunculata"
"123","vauxia gracilenta","aysheaia pedunculata"
"124","vauxia venata","aysheaia pedunculata"
"125","wapkia grandis","aysheaia pedunculata"
"126","diagoniella hindei","aysheaia pedunculata"
"127","protospongia hicksi","aysheaia pedunculata"
"128","stephanospongia magnipora","aysheaia pedunculata"
"129","petaloptyon danei","aysheaia pedunculata"
"130","eiffelia globosa","aysheaia pedunculata"
"131","capsospongia undulata","hallucigenia sparsa"
"132","choia carteri","hallucigenia sparsa"
"133","choia ridleyi","hallucigenia sparsa"
"134","crumillospongia biporosa","hallucigenia sparsa"
"135","crumillospongia frondosa","hallucigenia sparsa"
"136","falospongia falata","hallucigenia sparsa"
"137","fieldospongia bellilineata","hallucigenia sparsa"
"138","halichondrites elissa","hallucigenia sparsa"
"139","hamptonia bowerbanki","hallucigenia sparsa"
"140","hazelia conferta","hallucigenia sparsa"
"141","hazelia crateria","hallucigenia sparsa"
"142","hazelia delicatula","hallucigenia sparsa"
"143","hazelia dignata","hallucigenia sparsa"
"144","hazelia grandis","hallucigenia sparsa"
"145","hazelia luteria","hallucigenia sparsa"
"146","hazelia nodulifera","hallucigenia sparsa"
"147","hazelia obscura","hallucigenia sparsa"
"148","hazelia palmata","hallucigenia sparsa"
"149","leptomitus lineatus","hallucigenia sparsa"
"150","moleculospina mammillata","hallucigenia sparsa"
"151","pirania muricata","hallucigenia sparsa"
"152","sentinelia draco","hallucigenia sparsa"
"153","takakkawia lineata","hallucigenia sparsa"
"154","vauxia bellula","hallucigenia sparsa"
"155","vauxia densa","hallucigenia sparsa"
"156","vauxia gracilenta","hallucigenia sparsa"
"157","vauxia venata","hallucigenia sparsa"
"158","wapkia grandis","hallucigenia sparsa"
"159","diagoniella hindei","hallucigenia sparsa"
"160","protospongia hicksi","hallucigenia sparsa"
"161","stephanospongia magnipora","hallucigenia sparsa"
"162","petaloptyon danei","hallucigenia sparsa"
"163","eiffelia globosa","hallucigenia sparsa"
"164","zooplankton","aluta sp "
"165","detritus","burgessia bella"
"166","detritus","canadaspis ovalis"
"167","haplophrentis carinatus","canadaspis ovalis"
"168","scenella amii","canadaspis ovalis"
"169","burgessochaeta setigera","canadaspis ovalis"
"170","canadia spinosa","canadaspis ovalis"
"171","peronochaeta dubia","canadaspis ovalis"
"172","stephenoscolex argutus","canadaspis ovalis"
"173","aluta sp ","canadaspis ovalis"
"174","ancalagon minor","canadaspis ovalis"
"175","fieldia lanceolata","canadaspis ovalis"
"176","selkirkia columbia","canadaspis ovalis"
"177","ottoia tenuis","canadaspis ovalis"
"178","oesia disjuncta","canadaspis ovalis"
"179","portalia mira","canadaspis ovalis"
"180","detritus","canadaspis perfecta"
"181","haplophrentis carinatus","canadaspis perfecta"
"182","scenella amii","canadaspis perfecta"
"183","burgessochaeta setigera","canadaspis perfecta"
"184","canadia spinosa","canadaspis perfecta"
"185","peronochaeta dubia","canadaspis perfecta"
"186","stephenoscolex argutus","canadaspis perfecta"
"187","aluta sp ","canadaspis perfecta"
"188","ancalagon minor","canadaspis perfecta"
"189","fieldia lanceolata","canadaspis perfecta"
"190","selkirkia columbia","canadaspis perfecta"
"191","ottoia tenuis","canadaspis perfecta"
"192","oesia disjuncta","canadaspis perfecta"
"193","portalia mira","canadaspis perfecta"
"194","haplophrentis carinatus","emeraldella bocki"
"195","scenella amii","emeraldella bocki"
"196","burgessochaeta setigera","emeraldella bocki"
"197","canadia spinosa","emeraldella bocki"
"198","peronochaeta dubia","emeraldella bocki"
"199","stephenoscolex argutus","emeraldella bocki"
"200","aluta sp ","emeraldella bocki"
"201","ancalagon minor","emeraldella bocki"
"202","fieldia lanceolata","emeraldella bocki"
"203","selkirkia columbia","emeraldella bocki"
"204","ottoia tenuis","emeraldella bocki"
"205","oesia disjuncta","emeraldella bocki"
"206","portalia mira","emeraldella bocki"
"207","detritus","habelia brevicauda"
"208","detritus","habelia optata"
"209","zooplankton","helmetia expansa"
"210","haplophrentis carinatus","leanchoilia superlata"
"211","scenella amii","leanchoilia superlata"
"212","burgessochaeta setigera","leanchoilia superlata"
"213","canadia spinosa","leanchoilia superlata"
"214","peronochaeta dubia","leanchoilia superlata"
"215","stephenoscolex argutus","leanchoilia superlata"
"216","aluta sp ","leanchoilia superlata"
"217","ancalagon minor","leanchoilia superlata"
"218","fieldia lanceolata","leanchoilia superlata"
"219","selkirkia columbia","leanchoilia superlata"
"220","ottoia tenuis","leanchoilia superlata"
"221","oesia disjuncta","leanchoilia superlata"
"222","portalia mira","leanchoilia superlata"
"223","phytoplankton","marrella splendens"
"224","detritus","marrella splendens"
"225","zooplankton","marrella splendens"
"226","detritus","molaria spinifera"
"227","haplophrentis carinatus","naraoia compacta"
"228","burgessochaeta setigera","naraoia compacta"
"229","canadia spinosa","naraoia compacta"
"230","peronochaeta dubia","naraoia compacta"
"231","stephenoscolex argutus","naraoia compacta"
"232","aysheaia pedunculata","naraoia compacta"
"233","hallucigenia sparsa","naraoia compacta"
"234","aluta sp ","naraoia compacta"
"235","molaria spinifera","naraoia compacta"
"236","fieldia lanceolata","naraoia compacta"
"237","louisella pedunculata","naraoia compacta"
"238","ottoia prolifica","naraoia compacta"
"239","selkirkia columbia","naraoia compacta"
"240","oesia disjuncta","naraoia compacta"
"241","portalia mira","naraoia compacta"
"242","haplophrentis carinatus","odaraia alata"
"243","scenella amii","odaraia alata"
"244","burgessochaeta setigera","odaraia alata"
"245","canadia spinosa","odaraia alata"
"246","peronochaeta dubia","odaraia alata"
"247","stephenoscolex argutus","odaraia alata"
"248","aluta sp ","odaraia alata"
"249","ancalagon minor","odaraia alata"
"250","fieldia lanceolata","odaraia alata"
"251","selkirkia columbia","odaraia alata"
"252","ottoia tenuis","odaraia alata"
"253","oesia disjuncta","odaraia alata"
"254","portalia mira","odaraia alata"
"255","haplophrentis carinatus","perspicaris dictynna"
"256","scenella amii","perspicaris dictynna"
"257","burgessochaeta setigera","perspicaris dictynna"
"258","canadia spinosa","perspicaris dictynna"
"259","peronochaeta dubia","perspicaris dictynna"
"260","stephenoscolex argutus","perspicaris dictynna"
"261","aluta sp ","perspicaris dictynna"
"262","ancalagon minor","perspicaris dictynna"
"263","fieldia lanceolata","perspicaris dictynna"
"264","selkirkia columbia","perspicaris dictynna"
"265","ottoia tenuis","perspicaris dictynna"
"266","oesia disjuncta","perspicaris dictynna"
"267","portalia mira","perspicaris dictynna"
"268","haplophrentis carinatus","perspicaris recondita"
"269","scenella amii","perspicaris recondita"
"270","burgessochaeta setigera","perspicaris recondita"
"271","canadia spinosa","perspicaris recondita"
"272","peronochaeta dubia","perspicaris recondita"
"273","stephenoscolex argutus","perspicaris recondita"
"274","aluta sp ","perspicaris recondita"
"275","ancalagon minor","perspicaris recondita"
"276","fieldia lanceolata","perspicaris recondita"
"277","selkirkia columbia","perspicaris recondita"
"278","ottoia tenuis","perspicaris recondita"
"279","oesia disjuncta","perspicaris recondita"
"280","portalia mira","perspicaris recondita"
"281","zooplankton","priscansermarinus barnetti"
"282","haplophrentis carinatus","sanctacaris uncata"
"283","scenella amii","sanctacaris uncata"
"284","burgessochaeta setigera","sanctacaris uncata"
"285","canadia spinosa","sanctacaris uncata"
"286","peronochaeta dubia","sanctacaris uncata"
"287","stephenoscolex argutus","sanctacaris uncata"
"288","aluta sp ","sanctacaris uncata"
"289","burgessia bella","sanctacaris uncata"
"290","canadaspis ovalis","sanctacaris uncata"
"291","canadaspis perfecta","sanctacaris uncata"
"292","emeraldella bocki","sanctacaris uncata"
"293","habelia brevicauda","sanctacaris uncata"
"294","habelia optata","sanctacaris uncata"
"295","helmetia expansa","sanctacaris uncata"
"296","leanchoilia superlata","sanctacaris uncata"
"297","molaria spinifera","sanctacaris uncata"
"298","naraoia compacta","sanctacaris uncata"
"299","odaraia alata","sanctacaris uncata"
"300","perspicaris dictynna","sanctacaris uncata"
"301","perspicaris recondita","sanctacaris uncata"
"302","sanctacaris uncata","sanctacaris uncata"
"303","sidneyia inexpectans","sanctacaris uncata"
"304","tuzoia burgessensis","sanctacaris uncata"
"305","tuzoia canadensis","sanctacaris uncata"
"306","tuzoia parva","sanctacaris uncata"
"307","tuzoia praemorsa","sanctacaris uncata"
"308","tuzoia retifera","sanctacaris uncata"
"309","waptia fieldensis","sanctacaris uncata"
"310","yohoia tenuis","sanctacaris uncata"
"311","chancia palliseri","sanctacaris uncata"
"312","ehmaniella burgessensis","sanctacaris uncata"
"313","ehmaniella waptaensis","sanctacaris uncata"
"314","elrathia permulta","sanctacaris uncata"
"315","elrathina brevifrons","sanctacaris uncata"
"316","elrathina crodillerae","sanctacaris uncata"
"317","olenoides serratus","sanctacaris uncata"
"318","oryctocephalus burgessensis","sanctacaris uncata"
"319","oryctocephalus matthewi","sanctacaris uncata"
"320","oryctoecphalus reynoldsi","sanctacaris uncata"
"321","pagetia bootes","sanctacaris uncata"
"322","parkaspis decamera","sanctacaris uncata"
"323","peronopsis montis","sanctacaris uncata"
"324","ptychagnostus praecurrens","sanctacaris uncata"
"325","hurdia dentata","sanctacaris uncata"
"326","hurdia triangulata","sanctacaris uncata"
"327","ancalagon minor","sanctacaris uncata"
"328","fieldia lanceolata","sanctacaris uncata"
"329","selkirkia columbia","sanctacaris uncata"
"330","eldonia ludwigi","sanctacaris uncata"
"331","echmatocrinus brachiatus","sanctacaris uncata"
"332","gogia radiata","sanctacaris uncata"
"333","walcottidiscus magister","sanctacaris uncata"
"334","walcottidiscus typicalis","sanctacaris uncata"
"335","ottoia tenuis","sanctacaris uncata"
"336","oesia disjuncta","sanctacaris uncata"
"337","portalia mira","sanctacaris uncata"
"338","haplophrentis carinatus","sidneyia inexpectans"
"339","scenella amii","sidneyia inexpectans"
"340","burgessochaeta setigera","sidneyia inexpectans"
"341","canadia spinosa","sidneyia inexpectans"
"342","peronochaeta dubia","sidneyia inexpectans"
"343","stephenoscolex argutus","sidneyia inexpectans"
"344","aluta sp ","sidneyia inexpectans"
"345","burgessia bella","sidneyia inexpectans"
"346","canadaspis ovalis","sidneyia inexpectans"
"347","canadaspis perfecta","sidneyia inexpectans"
"348","emeraldella bocki","sidneyia inexpectans"
"349","habelia brevicauda","sidneyia inexpectans"
"350","habelia optata","sidneyia inexpectans"
"351","helmetia expansa","sidneyia inexpectans"
"352","leanchoilia superlata","sidneyia inexpectans"
"353","molaria spinifera","sidneyia inexpectans"
"354","naraoia compacta","sidneyia inexpectans"
"355","odaraia alata","sidneyia inexpectans"
"356","perspicaris dictynna","sidneyia inexpectans"
"357","perspicaris recondita","sidneyia inexpectans"
"358","sanctacaris uncata","sidneyia inexpectans"
"359","sidneyia inexpectans","sidneyia inexpectans"
"360","tuzoia burgessensis","sidneyia inexpectans"
"361","tuzoia canadensis","sidneyia inexpectans"
"362","tuzoia parva","sidneyia inexpectans"
"363","tuzoia praemorsa","sidneyia inexpectans"
"364","tuzoia retifera","sidneyia inexpectans"
"365","waptia fieldensis","sidneyia inexpectans"
"366","yohoia tenuis","sidneyia inexpectans"
"367","chancia palliseri","sidneyia inexpectans"
"368","ehmaniella burgessensis","sidneyia inexpectans"
"369","ehmaniella waptaensis","sidneyia inexpectans"
"370","elrathia permulta","sidneyia inexpectans"
"371","elrathina brevifrons","sidneyia inexpectans"
"372","elrathina crodillerae","sidneyia inexpectans"
"373","olenoides serratus","sidneyia inexpectans"
"374","oryctocephalus burgessensis","sidneyia inexpectans"
"375","oryctocephalus matthewi","sidneyia inexpectans"
"376","oryctoecphalus reynoldsi","sidneyia inexpectans"
"377","pagetia bootes","sidneyia inexpectans"
"378","parkaspis decamera","sidneyia inexpectans"
"379","peronopsis montis","sidneyia inexpectans"
"380","ptychagnostus praecurrens","sidneyia inexpectans"
"381","hurdia dentata","sidneyia inexpectans"
"382","hurdia triangulata","sidneyia inexpectans"
"383","ancalagon minor","sidneyia inexpectans"
"384","fieldia lanceolata","sidneyia inexpectans"
"385","selkirkia columbia","sidneyia inexpectans"
"386","eldonia ludwigi","sidneyia inexpectans"
"387","echmatocrinus brachiatus","sidneyia inexpectans"
"388","gogia radiata","sidneyia inexpectans"
"389","walcottidiscus magister","sidneyia inexpectans"
"390","walcottidiscus typicalis","sidneyia inexpectans"
"391","haplophrentis carinatus","tuzoia burgessensis"
"392","scenella amii","tuzoia burgessensis"
"393","burgessochaeta setigera","tuzoia burgessensis"
"394","canadia spinosa","tuzoia burgessensis"
"395","peronochaeta dubia","tuzoia burgessensis"
"396","stephenoscolex argutus","tuzoia burgessensis"
"397","aluta sp ","tuzoia burgessensis"
"398","ancalagon minor","tuzoia burgessensis"
"399","fieldia lanceolata","tuzoia burgessensis"
"400","selkirkia columbia","tuzoia burgessensis"
"401","ottoia tenuis","tuzoia burgessensis"
"402","oesia disjuncta","tuzoia burgessensis"
"403","portalia mira","tuzoia burgessensis"
"404","haplophrentis carinatus","tuzoia canadensis"
"405","scenella amii","tuzoia canadensis"
"406","burgessochaeta setigera","tuzoia canadensis"
"407","canadia spinosa","tuzoia canadensis"
"408","peronochaeta dubia","tuzoia canadensis"
"409","stephenoscolex argutus","tuzoia canadensis"
"410","aluta sp ","tuzoia canadensis"
"411","ancalagon minor","tuzoia canadensis"
"412","fieldia lanceolata","tuzoia canadensis"
"413","selkirkia columbia","tuzoia canadensis"
"414","ottoia tenuis","tuzoia canadensis"
"415","oesia disjuncta","tuzoia canadensis"
"416","portalia mira","tuzoia canadensis"
"417","haplophrentis carinatus","tuzoia parva"
"418","scenella amii","tuzoia parva"
"419","burgessochaeta setigera","tuzoia parva"
"420","canadia spinosa","tuzoia parva"
"421","peronochaeta dubia","tuzoia parva"
"422","stephenoscolex argutus","tuzoia parva"
"423","aluta sp ","tuzoia parva"
"424","ancalagon minor","tuzoia parva"
"425","fieldia lanceolata","tuzoia parva"
"426","selkirkia columbia","tuzoia parva"
"427","ottoia tenuis","tuzoia parva"
"428","oesia disjuncta","tuzoia parva"
"429","portalia mira","tuzoia parva"
"430","haplophrentis carinatus","tuzoia praemorsa"
"431","scenella amii","tuzoia praemorsa"
"432","burgessochaeta setigera","tuzoia praemorsa"
"433","canadia spinosa","tuzoia praemorsa"
"434","peronochaeta dubia","tuzoia praemorsa"
"435","stephenoscolex argutus","tuzoia praemorsa"
"436","aluta sp ","tuzoia praemorsa"
"437","ancalagon minor","tuzoia praemorsa"
"438","fieldia lanceolata","tuzoia praemorsa"
"439","selkirkia columbia","tuzoia praemorsa"
"440","ottoia tenuis","tuzoia praemorsa"
"441","oesia disjuncta","tuzoia praemorsa"
"442","portalia mira","tuzoia praemorsa"
"443","haplophrentis carinatus","tuzoia retifera"
"444","scenella amii","tuzoia retifera"
"445","burgessochaeta setigera","tuzoia retifera"
"446","canadia spinosa","tuzoia retifera"
"447","peronochaeta dubia","tuzoia retifera"
"448","stephenoscolex argutus","tuzoia retifera"
"449","aluta sp ","tuzoia retifera"
"450","ancalagon minor","tuzoia retifera"
"451","fieldia lanceolata","tuzoia retifera"
"452","selkirkia columbia","tuzoia retifera"
"453","ottoia tenuis","tuzoia retifera"
"454","oesia disjuncta","tuzoia retifera"
"455","portalia mira","tuzoia retifera"
"456","haplophrentis carinatus","waptia fieldensis"
"457","scenella amii","waptia fieldensis"
"458","burgessochaeta setigera","waptia fieldensis"
"459","canadia spinosa","waptia fieldensis"
"460","peronochaeta dubia","waptia fieldensis"
"461","stephenoscolex argutus","waptia fieldensis"
"462","aluta sp ","waptia fieldensis"
"463","ancalagon minor","waptia fieldensis"
"464","fieldia lanceolata","waptia fieldensis"
"465","selkirkia columbia","waptia fieldensis"
"466","ottoia tenuis","waptia fieldensis"
"467","oesia disjuncta","waptia fieldensis"
"468","portalia mira","waptia fieldensis"
"469","haplophrentis carinatus","yohoia tenuis"
"470","scenella amii","yohoia tenuis"
"471","burgessochaeta setigera","yohoia tenuis"
"472","canadia spinosa","yohoia tenuis"
"473","peronochaeta dubia","yohoia tenuis"
"474","stephenoscolex argutus","yohoia tenuis"
"475","aluta sp ","yohoia tenuis"
"476","ancalagon minor","yohoia tenuis"
"477","fieldia lanceolata","yohoia tenuis"
"478","selkirkia columbia","yohoia tenuis"
"479","ottoia tenuis","yohoia tenuis"
"480","oesia disjuncta","yohoia tenuis"
"481","portalia mira","yohoia tenuis"
"482","detritus","chancia palliseri"
"483","detritus","ehmaniella burgessensis"
"484","detritus","ehmaniella waptaensis"
"485","detritus","elrathia permulta"
"486","detritus","elrathina brevifrons"
"487","detritus","elrathina crodillerae"
"488","burgessochaeta setigera","olenoides serratus"
"489","canadia spinosa","olenoides serratus"
"490","peronochaeta dubia","olenoides serratus"
"491","stephenoscolex argutus","olenoides serratus"
"492","aysheaia pedunculata","olenoides serratus"
"493","hallucigenia sparsa","olenoides serratus"
"494","aluta sp ","olenoides serratus"
"495","molaria spinifera","olenoides serratus"
"496","fieldia lanceolata","olenoides serratus"
"497","louisella pedunculata","olenoides serratus"
"498","ottoia prolifica","olenoides serratus"
"499","selkirkia columbia","olenoides serratus"
"500","oesia disjuncta","olenoides serratus"
"501","portalia mira","olenoides serratus"
"502","burgessochaeta setigera","oryctocephalus burgessensis"
"503","canadia spinosa","oryctocephalus burgessensis"
"504","peronochaeta dubia","oryctocephalus burgessensis"
"505","stephenoscolex argutus","oryctocephalus burgessensis"
"506","aysheaia pedunculata","oryctocephalus burgessensis"
"507","hallucigenia sparsa","oryctocephalus burgessensis"
"508","aluta sp ","oryctocephalus burgessensis"
"509","molaria spinifera","oryctocephalus burgessensis"
"510","fieldia lanceolata","oryctocephalus burgessensis"
"511","louisella pedunculata","oryctocephalus burgessensis"
"512","ottoia prolifica","oryctocephalus burgessensis"
"513","selkirkia columbia","oryctocephalus burgessensis"
"514","oesia disjuncta","oryctocephalus burgessensis"
"515","portalia mira","oryctocephalus burgessensis"
"516","burgessochaeta setigera","oryctocephalus matthewi"
"517","canadia spinosa","oryctocephalus matthewi"
"518","peronochaeta dubia","oryctocephalus matthewi"
"519","stephenoscolex argutus","oryctocephalus matthewi"
"520","aysheaia pedunculata","oryctocephalus matthewi"
"521","hallucigenia sparsa","oryctocephalus matthewi"
"522","aluta sp ","oryctocephalus matthewi"
"523","molaria spinifera","oryctocephalus matthewi"
"524","fieldia lanceolata","oryctocephalus matthewi"
"525","louisella pedunculata","oryctocephalus matthewi"
"526","ottoia prolifica","oryctocephalus matthewi"
"527","selkirkia columbia","oryctocephalus matthewi"
"528","oesia disjuncta","oryctocephalus matthewi"
"529","portalia mira","oryctocephalus matthewi"
"530","burgessochaeta setigera","oryctoecphalus reynoldsi"
"531","canadia spinosa","oryctoecphalus reynoldsi"
"532","peronochaeta dubia","oryctoecphalus reynoldsi"
"533","stephenoscolex argutus","oryctoecphalus reynoldsi"
"534","aysheaia pedunculata","oryctoecphalus reynoldsi"
"535","hallucigenia sparsa","oryctoecphalus reynoldsi"
"536","aluta sp ","oryctoecphalus reynoldsi"
"537","molaria spinifera","oryctoecphalus reynoldsi"
"538","fieldia lanceolata","oryctoecphalus reynoldsi"
"539","louisella pedunculata","oryctoecphalus reynoldsi"
"540","ottoia prolifica","oryctoecphalus reynoldsi"
"541","selkirkia columbia","oryctoecphalus reynoldsi"
"542","oesia disjuncta","oryctoecphalus reynoldsi"
"543","portalia mira","oryctoecphalus reynoldsi"
"544","phytoplankton","pagetia bootes"
"545","suspended organic matter","pagetia bootes"
"546","zooplankton","pagetia bootes"
"547","canadia spinosa","parkaspis decamera"
"548","peronochaeta dubia","parkaspis decamera"
"549","stephenoscolex argutus","parkaspis decamera"
"550","aysheaia pedunculata","parkaspis decamera"
"551","hallucigenia sparsa","parkaspis decamera"
"552","aluta sp ","parkaspis decamera"
"553","molaria spinifera","parkaspis decamera"
"554","fieldia lanceolata","parkaspis decamera"
"555","louisella pedunculata","parkaspis decamera"
"556","ottoia prolifica","parkaspis decamera"
"557","selkirkia columbia","parkaspis decamera"
"558","oesia disjuncta","parkaspis decamera"
"559","portalia mira","parkaspis decamera"
"560","phytoplankton","peronopsis montis"
"561","suspended organic matter","peronopsis montis"
"562","zooplankton","peronopsis montis"
"563","phytoplankton","ptychagnostus praecurrens"
"564","suspended organic matter","ptychagnostus praecurrens"
"565","zooplankton","ptychagnostus praecurrens"
"566","burgessia bella","anomalocaris canadensis"
"567","canadaspis ovalis","anomalocaris canadensis"
"568","canadaspis perfecta","anomalocaris canadensis"
"569","emeraldella bocki","anomalocaris canadensis"
"570","habelia brevicauda","anomalocaris canadensis"
"571","habelia optata","anomalocaris canadensis"
"572","helmetia expansa","anomalocaris canadensis"
"573","leanchoilia superlata","anomalocaris canadensis"
"574","molaria spinifera","anomalocaris canadensis"
"575","naraoia compacta","anomalocaris canadensis"
"576","odaraia alata","anomalocaris canadensis"
"577","perspicaris dictynna","anomalocaris canadensis"
"578","perspicaris recondita","anomalocaris canadensis"
"579","sanctacaris uncata","anomalocaris canadensis"
"580","sidneyia inexpectans","anomalocaris canadensis"
"581","tuzoia burgessensis","anomalocaris canadensis"
"582","tuzoia canadensis","anomalocaris canadensis"
"583","tuzoia parva","anomalocaris canadensis"
"584","tuzoia praemorsa","anomalocaris canadensis"
"585","tuzoia retifera","anomalocaris canadensis"
"586","waptia fieldensis","anomalocaris canadensis"
"587","yohoia tenuis","anomalocaris canadensis"
"588","chancia palliseri","anomalocaris canadensis"
"589","ehmaniella burgessensis","anomalocaris canadensis"
"590","ehmaniella waptaensis","anomalocaris canadensis"
"591","elrathia permulta","anomalocaris canadensis"
"592","elrathina brevifrons","anomalocaris canadensis"
"593","elrathina crodillerae","anomalocaris canadensis"
"594","olenoides serratus","anomalocaris canadensis"
"595","oryctocephalus burgessensis","anomalocaris canadensis"
"596","oryctocephalus matthewi","anomalocaris canadensis"
"597","oryctoecphalus reynoldsi","anomalocaris canadensis"
"598","pagetia bootes","anomalocaris canadensis"
"599","parkaspis decamera","anomalocaris canadensis"
"600","peronopsis montis","anomalocaris canadensis"
"601","ptychagnostus praecurrens","anomalocaris canadensis"
"602","hurdia dentata","anomalocaris canadensis"
"603","hurdia triangulata","anomalocaris canadensis"
"604","hurdia victoria","anomalocaris canadensis"
"605","burgessia bella","laggania nathorsti"
"606","canadaspis ovalis","laggania nathorsti"
"607","canadaspis perfecta","laggania nathorsti"
"608","emeraldella bocki","laggania nathorsti"
"609","habelia brevicauda","laggania nathorsti"
"610","habelia optata","laggania nathorsti"
"611","helmetia expansa","laggania nathorsti"
"612","leanchoilia superlata","laggania nathorsti"
"613","molaria spinifera","laggania nathorsti"
"614","naraoia compacta","laggania nathorsti"
"615","odaraia alata","laggania nathorsti"
"616","perspicaris dictynna","laggania nathorsti"
"617","perspicaris recondita","laggania nathorsti"
"618","sanctacaris uncata","laggania nathorsti"
"619","sidneyia inexpectans","laggania nathorsti"
"620","tuzoia burgessensis","laggania nathorsti"
"621","tuzoia canadensis","laggania nathorsti"
"622","tuzoia parva","laggania nathorsti"
"623","tuzoia praemorsa","laggania nathorsti"
"624","tuzoia retifera","laggania nathorsti"
"625","waptia fieldensis","laggania nathorsti"
"626","yohoia tenuis","laggania nathorsti"
"627","chancia palliseri","laggania nathorsti"
"628","ehmaniella burgessensis","laggania nathorsti"
"629","ehmaniella waptaensis","laggania nathorsti"
"630","elrathia permulta","laggania nathorsti"
"631","elrathina brevifrons","laggania nathorsti"
"632","elrathina crodillerae","laggania nathorsti"
"633","olenoides serratus","laggania nathorsti"
"634","oryctocephalus burgessensis","laggania nathorsti"
"635","oryctocephalus matthewi","laggania nathorsti"
"636","oryctoecphalus reynoldsi","laggania nathorsti"
"637","pagetia bootes","laggania nathorsti"
"638","parkaspis decamera","laggania nathorsti"
"639","peronopsis montis","laggania nathorsti"
"640","ptychagnostus praecurrens","laggania nathorsti"
"641","hurdia dentata","laggania nathorsti"
"642","hurdia triangulata","laggania nathorsti"
"643","hurdia victoria","laggania nathorsti"
"644","zooplankton","hurdia dentata"
"645","burgessia bella","hurdia dentata"
"646","canadaspis ovalis","hurdia dentata"
"647","canadaspis perfecta","hurdia dentata"
"648","marrella splendens","hurdia dentata"
"649","naraoia compacta","hurdia dentata"
"650","waptia fieldensis","hurdia dentata"
"651","yohoia tenuis","hurdia dentata"
"652","chancia palliseri","hurdia dentata"
"653","oryctocephalus burgessensis","hurdia dentata"
"654","oryctocephalus matthewi","hurdia dentata"
"655","oryctoecphalus reynoldsi","hurdia dentata"
"656","zooplankton","hurdia triangulata"
"657","burgessia bella","hurdia triangulata"
"658","canadaspis ovalis","hurdia triangulata"
"659","canadaspis perfecta","hurdia triangulata"
"660","marrella splendens","hurdia triangulata"
"661","naraoia compacta","hurdia triangulata"
"662","waptia fieldensis","hurdia triangulata"
"663","yohoia tenuis","hurdia triangulata"
"664","chancia palliseri","hurdia triangulata"
"665","oryctocephalus burgessensis","hurdia triangulata"
"666","oryctocephalus matthewi","hurdia triangulata"
"667","oryctoecphalus reynoldsi","hurdia triangulata"
"668","zooplankton","hurdia victoria"
"669","burgessia bella","hurdia victoria"
"670","canadaspis ovalis","hurdia victoria"
"671","canadaspis perfecta","hurdia victoria"
"672","marrella splendens","hurdia victoria"
"673","naraoia compacta","hurdia victoria"
"674","waptia fieldensis","hurdia victoria"
"675","yohoia tenuis","hurdia victoria"
"676","chancia palliseri","hurdia victoria"
"677","oryctocephalus burgessensis","hurdia victoria"
"678","oryctocephalus matthewi","hurdia victoria"
"679","oryctoecphalus reynoldsi","hurdia victoria"
"680","haplophrentis carinatus","opabinia regalis"
"681","burgessochaeta setigera","opabinia regalis"
"682","canadia spinosa","opabinia regalis"
"683","peronochaeta dubia","opabinia regalis"
"684","stephenoscolex argutus","opabinia regalis"
"685","aluta sp ","opabinia regalis"
"686","ancalagon minor","opabinia regalis"
"687","fieldia lanceolata","opabinia regalis"
"688","louisella pedunculata","opabinia regalis"
"689","ottoia prolifica","opabinia regalis"
"690","selkirkia columbia","opabinia regalis"
"691","ottoia tenuis","opabinia regalis"
"692","oesia disjuncta","opabinia regalis"
"693","portalia mira","opabinia regalis"
"694","haplophrentis carinatus","ancalagon minor"
"695","scenella amii","ancalagon minor"
"696","burgessochaeta setigera","ancalagon minor"
"697","canadia spinosa","ancalagon minor"
"698","peronochaeta dubia","ancalagon minor"
"699","stephenoscolex argutus","ancalagon minor"
"700","aluta sp ","ancalagon minor"
"701","ancalagon minor","ancalagon minor"
"702","fieldia lanceolata","ancalagon minor"
"703","selkirkia columbia","ancalagon minor"
"704","ottoia tenuis","ancalagon minor"
"705","oesia disjuncta","ancalagon minor"
"706","portalia mira","ancalagon minor"
"707","suspended organic matter","fieldia lanceolata"
"708","haplophrentis carinatus","louisella pedunculata"
"709","scenella amii","louisella pedunculata"
"710","burgessochaeta setigera","louisella pedunculata"
"711","canadia spinosa","louisella pedunculata"
"712","peronochaeta dubia","louisella pedunculata"
"713","stephenoscolex argutus","louisella pedunculata"
"714","aluta sp ","louisella pedunculata"
"715","ancalagon minor","louisella pedunculata"
"716","fieldia lanceolata","louisella pedunculata"
"717","selkirkia columbia","louisella pedunculata"
"718","ottoia tenuis","louisella pedunculata"
"719","oesia disjuncta","louisella pedunculata"
"720","portalia mira","louisella pedunculata"
"721","haplophrentis carinatus","ottoia prolifica"
"722","scenella amii","ottoia prolifica"
"723","burgessochaeta setigera","ottoia prolifica"
"724","canadia spinosa","ottoia prolifica"
"725","peronochaeta dubia","ottoia prolifica"
"726","stephenoscolex argutus","ottoia prolifica"
"727","aluta sp ","ottoia prolifica"
"728","ancalagon minor","ottoia prolifica"
"729","fieldia lanceolata","ottoia prolifica"
"730","selkirkia columbia","ottoia prolifica"
"731","ottoia tenuis","ottoia prolifica"
"732","oesia disjuncta","ottoia prolifica"
"733","portalia mira","ottoia prolifica"
"734","haplophrentis carinatus","selkirkia columbia"
"735","scenella amii","selkirkia columbia"
"736","burgessochaeta setigera","selkirkia columbia"
"737","canadia spinosa","selkirkia columbia"
"738","peronochaeta dubia","selkirkia columbia"
"739","stephenoscolex argutus","selkirkia columbia"
"740","aluta sp ","selkirkia columbia"
"741","ancalagon minor","selkirkia columbia"
"742","fieldia lanceolata","selkirkia columbia"
"743","selkirkia columbia","selkirkia columbia"
"744","ottoia tenuis","selkirkia columbia"
"745","oesia disjuncta","selkirkia columbia"
"746","portalia mira","selkirkia columbia"
"747","zooplankton","eldonia ludwigi"
"748","zooplankton","echmatocrinus brachiatus"
"749","zooplankton","gogia radiata"
"750","zooplankton","walcottidiscus magister"
"751","zooplankton","walcottidiscus typicalis"
"752","zooplankton","chaunograptus scandens"
"753","zooplankton","ottoia tenuis"
"754","zooplankton","pikaia gracilens"
"755","phytoplankton","chancelloria eros"
"756","zooplankton","chancelloria eros"
"757","suspended organic matter","dinomischus isolatus"
"758","zooplankton","dinomischus isolatus"
"759","haplophrentis carinatus","nectocaris pteryx"
"760","burgessochaeta setigera","nectocaris pteryx"
"761","canadia spinosa","nectocaris pteryx"
"762","peronochaeta dubia","nectocaris pteryx"
"763","stephenoscolex argutus","nectocaris pteryx"
"764","aluta sp ","nectocaris pteryx"
"765","ancalagon minor","nectocaris pteryx"
"766","fieldia lanceolata","nectocaris pteryx"
"767","louisella pedunculata","nectocaris pteryx"
"768","ottoia tenuis","nectocaris pteryx"
"769","oesia disjuncta","nectocaris pteryx"
"770","portalia mira","nectocaris pteryx"
"771","zooplankton","oesia disjuncta"
"772","zooplankton","portalia mira"
