"res_sp","con_sp"
"benthic bacteria","microfauna"
"microfauna","microfauna"
"Benthic algae","microfauna"
"Detritus","microfauna"
"benthic bacteria","meiofauna"
"microfauna","meiofauna"
"meiofauna","meiofauna"
"Macro-epiphytes","meiofauna"
"Phytoplankton","meiofauna"
"Phytoplankton","bacterioplankton"
"bacterioplankton","microprotozoa"
"microprotozoa","microprotozoa"
"Phytoplankton","microprotozoa"
"Detritus","microprotozoa"
"Halodule wrightii","Acunmindeutopus naglei"
"Micro-epiphytes","Acunmindeutopus naglei"
"Benthic algae","Acunmindeutopus naglei"
"Detritus","Acunmindeutopus naglei"
"Halodule wrightii","Amphithoe longimana"
"Micro-epiphytes","Amphithoe longimana"
"Benthic algae","Amphithoe longimana"
"Detritus","Amphithoe longimana"
"Halodule wrightii","Caprella penantis"
"Micro-epiphytes","Caprella penantis"
"Benthic algae","Caprella penantis"
"Detritus","Caprella penantis"
"Halodule wrightii","Cymadusa compta"
"Micro-epiphytes","Cymadusa compta"
"Benthic algae","Cymadusa compta"
"Detritus","Cymadusa compta"
"Halodule wrightii","Lembos rectanularis"
"Micro-epiphytes","Lembos rectanularis"
"Benthic algae","Lembos rectanularis"
"Detritus","Lembos rectanularis"
"Halodule wrightii","Batea catharinensis"
"Micro-epiphytes","Batea catharinensis"
"Benthic algae","Batea catharinensis"
"Detritus","Batea catharinensis"
"Halodule wrightii","Elasmopus levis"
"Micro-epiphytes","Elasmopus levis"
"Benthic algae","Elasmopus levis"
"Detritus","Elasmopus levis"
"Halodule wrightii","Melita"
"Micro-epiphytes","Melita"
"Benthic algae","Melita"
"Detritus","Melita"
"Halodule wrightii","Synchelidium"
"Micro-epiphytes","Synchelidium"
"Benthic algae","Synchelidium"
"Detritus","Synchelidium"
"Halodule wrightii","Listriella barnardi"
"Micro-epiphytes","Listriella barnardi"
"Benthic algae","Listriella barnardi"
"Detritus","Listriella barnardi"
"Halodule wrightii","Lysianopsis alba"
"Micro-epiphytes","Lysianopsis alba"
"Benthic algae","Lysianopsis alba"
"Detritus","Lysianopsis alba"
"bacterioplankton","Brachiodontes exustus"
"microprotozoa","Brachiodontes exustus"
"Phytoplankton","Brachiodontes exustus"
"bacterioplankton","Chione cancellata"
"microprotozoa","Chione cancellata"
"Phytoplankton","Chione cancellata"
"bacterioplankton","Argopecten irradians"
"microprotozoa","Argopecten irradians"
"Phytoplankton","Argopecten irradians"
"bacterioplankton","Crepidula fornicata"
"microprotozoa","Crepidula fornicata"
"Phytoplankton","Crepidula fornicata"
"bacterioplankton","Crepidula convexa"
"microprotozoa","Crepidula convexa"
"Phytoplankton","Crepidula convexa"
"benthic bacteria","Pagurus mclaughlini"
"meiofauna","Pagurus mclaughlini"
"Benthic algae","Pagurus mclaughlini"
"Detritus","Pagurus mclaughlini"
"Halodule wrightii","Libinia dubia"
"Micro-epiphytes","Libinia dubia"
"Benthic algae","Libinia dubia"
"Acunmindeutopus naglei","Neopanope texana"
"Amphithoe longimana","Neopanope texana"
"Caprella penantis","Neopanope texana"
"Cymadusa compta","Neopanope texana"
"Lembos rectanularis","Neopanope texana"
"Batea catharinensis","Neopanope texana"
"Elasmopus levis","Neopanope texana"
"Melita","Neopanope texana"
"Synchelidium","Neopanope texana"
"Listriella barnardi","Neopanope texana"
"Lysianopsis alba","Neopanope texana"
"Brachiodontes exustus","Neopanope texana"
"Chione cancellata","Neopanope texana"
"Argopecten irradians","Neopanope texana"
"Crepidula fornicata","Neopanope texana"
"Crepidula convexa","Neopanope texana"
"Erichsonella","Neopanope texana"
"Paracerces caudata","Neopanope texana"
"Edotea triloba","Neopanope texana"
"Ampelisca","Neopanope texana"
"Gammarus mucronatus","Neopanope texana"
"Cerapus tubularis","Neopanope texana"
"Corophium","Neopanope texana"
"Cumacea","Neopanope texana"
"Tanaidacea","Neopanope texana"
"Ostracoda","Neopanope texana"
"Mysidopsis","Neopanope texana"
"Acteocina candei","Neopanope texana"
"Schwartziella catesbyana","Neopanope texana"
"Cadulus carolinensis","Neopanope texana"
"Haminoea succinea","Neopanope texana"
"Acteon punctostriatus","Neopanope texana"
"Olivella mutica","Neopanope texana"
"Truncatella pulchella","Neopanope texana"
"Nassarius vibex","Neopanope texana"
"Aricidea sp.","Neopanope texana"
"Capitellidae","Neopanope texana"
"Cirratulidae","Neopanope texana"
"Maldanidae","Neopanope texana"
"Orbiniidae","Neopanope texana"
"Paraonidae","Neopanope texana"
"Pectanaridae","Neopanope texana"
"Syllidae","Neopanope texana"
"Amphitritidae","Neopanope texana"
"Spionidae","Neopanope texana"
"Glyceridae","Neopanope texana"
"Nereidae","Neopanope texana"
"Onuphidae","Neopanope texana"
"Hesionidae","Neopanope texana"
"Nemertines","Neopanope texana"
"Halodule wrightii","Neopanope texana"
"Micro-epiphytes","Neopanope texana"
"Detritus","Neopanope texana"
"Acunmindeutopus naglei","Pinixia floridana"
"Amphithoe longimana","Pinixia floridana"
"Caprella penantis","Pinixia floridana"
"Cymadusa compta","Pinixia floridana"
"Lembos rectanularis","Pinixia floridana"
"Batea catharinensis","Pinixia floridana"
"Elasmopus levis","Pinixia floridana"
"Melita","Pinixia floridana"
"Synchelidium","Pinixia floridana"
"Listriella barnardi","Pinixia floridana"
"Lysianopsis alba","Pinixia floridana"
"Brachiodontes exustus","Pinixia floridana"
"Chione cancellata","Pinixia floridana"
"Argopecten irradians","Pinixia floridana"
"Crepidula fornicata","Pinixia floridana"
"Crepidula convexa","Pinixia floridana"
"Erichsonella","Pinixia floridana"
"Paracerces caudata","Pinixia floridana"
"Edotea triloba","Pinixia floridana"
"Ampelisca","Pinixia floridana"
"Gammarus mucronatus","Pinixia floridana"
"Cerapus tubularis","Pinixia floridana"
"Corophium","Pinixia floridana"
"Cumacea","Pinixia floridana"
"Tanaidacea","Pinixia floridana"
"Ostracoda","Pinixia floridana"
"Mysidopsis","Pinixia floridana"
"Acteocina candei","Pinixia floridana"
"Schwartziella catesbyana","Pinixia floridana"
"Cadulus carolinensis","Pinixia floridana"
"Haminoea succinea","Pinixia floridana"
"Acteon punctostriatus","Pinixia floridana"
"Olivella mutica","Pinixia floridana"
"Truncatella pulchella","Pinixia floridana"
"Nassarius vibex","Pinixia floridana"
"Aricidea sp.","Pinixia floridana"
"Capitellidae","Pinixia floridana"
"Cirratulidae","Pinixia floridana"
"Maldanidae","Pinixia floridana"
"Orbiniidae","Pinixia floridana"
"Paraonidae","Pinixia floridana"
"Pectanaridae","Pinixia floridana"
"Syllidae","Pinixia floridana"
"Amphitritidae","Pinixia floridana"
"Spionidae","Pinixia floridana"
"Glyceridae","Pinixia floridana"
"Nereidae","Pinixia floridana"
"Onuphidae","Pinixia floridana"
"Hesionidae","Pinixia floridana"
"Nemertines","Pinixia floridana"
"Halodule wrightii","Pinixia floridana"
"Micro-epiphytes","Pinixia floridana"
"Detritus","Pinixia floridana"
"Pagurus mclaughlini","Callinectes sapidus"
"Neopanope texana","Callinectes sapidus"
"Pinixia floridana","Callinectes sapidus"
"Hippolyte zostericola","Callinectes sapidus"
"Alpheus normani","Callinectes sapidus"
"Palaemonetes floridanus","Callinectes sapidus"
"Penaeus duorum","Callinectes sapidus"
"Halodule wrightii","Callinectes sapidus"
"Halodule wrightii","Erichsonella"
"Micro-epiphytes","Erichsonella"
"Halodule wrightii","Paracerces caudata"
"Micro-epiphytes","Paracerces caudata"
"Halodule wrightii","Edotea triloba"
"Micro-epiphytes","Edotea triloba"
"benthic bacteria","Ophioderma brevispinum"
"microfauna","Ophioderma brevispinum"
"meiofauna","Ophioderma brevispinum"
"Benthic algae","Ophioderma brevispinum"
"Detritus","Ophioderma brevispinum"
"benthic bacteria","Ampelisca"
"microfauna","Ampelisca"
"Benthic algae","Ampelisca"
"Detritus","Ampelisca"
"benthic bacteria","Gammarus mucronatus"
"microfauna","Gammarus mucronatus"
"Benthic algae","Gammarus mucronatus"
"Detritus","Gammarus mucronatus"
"benthic bacteria","Cerapus tubularis"
"microfauna","Cerapus tubularis"
"Benthic algae","Cerapus tubularis"
"Detritus","Cerapus tubularis"
"benthic bacteria","Corophium"
"microfauna","Corophium"
"Benthic algae","Corophium"
"Detritus","Corophium"
"benthic bacteria","Cumacea"
"microfauna","Cumacea"
"Benthic algae","Cumacea"
"Detritus","Cumacea"
"benthic bacteria","Tanaidacea"
"microfauna","Tanaidacea"
"Benthic algae","Tanaidacea"
"Detritus","Tanaidacea"
"benthic bacteria","Ostracoda"
"microfauna","Ostracoda"
"Benthic algae","Ostracoda"
"Detritus","Ostracoda"
"benthic bacteria","Mysidopsis"
"microfauna","Mysidopsis"
"Benthic algae","Mysidopsis"
"Detritus","Mysidopsis"
"Halodule wrightii","Hippolyte zostericola"
"Micro-epiphytes","Hippolyte zostericola"
"Halodule wrightii","Alpheus normani"
"Micro-epiphytes","Alpheus normani"
"meiofauna","Palaemonetes floridanus"
"Acunmindeutopus naglei","Palaemonetes floridanus"
"Amphithoe longimana","Palaemonetes floridanus"
"Caprella penantis","Palaemonetes floridanus"
"Cymadusa compta","Palaemonetes floridanus"
"Lembos rectanularis","Palaemonetes floridanus"
"Batea catharinensis","Palaemonetes floridanus"
"Elasmopus levis","Palaemonetes floridanus"
"Melita","Palaemonetes floridanus"
"Synchelidium","Palaemonetes floridanus"
"Listriella barnardi","Palaemonetes floridanus"
"Lysianopsis alba","Palaemonetes floridanus"
"Neopanope texana","Palaemonetes floridanus"
"Pinixia floridana","Palaemonetes floridanus"
"Ampelisca","Palaemonetes floridanus"
"Gammarus mucronatus","Palaemonetes floridanus"
"Cerapus tubularis","Palaemonetes floridanus"
"Corophium","Palaemonetes floridanus"
"Cumacea","Palaemonetes floridanus"
"Tanaidacea","Palaemonetes floridanus"
"Ostracoda","Palaemonetes floridanus"
"Mysidopsis","Palaemonetes floridanus"
"Hippolyte zostericola","Palaemonetes floridanus"
"Alpheus normani","Palaemonetes floridanus"
"Acteocina candei","Palaemonetes floridanus"
"Schwartziella catesbyana","Palaemonetes floridanus"
"Cadulus carolinensis","Palaemonetes floridanus"
"Haminoea succinea","Palaemonetes floridanus"
"Acteon punctostriatus","Palaemonetes floridanus"
"Olivella mutica","Palaemonetes floridanus"
"Truncatella pulchella","Palaemonetes floridanus"
"Nassarius vibex","Palaemonetes floridanus"
"Aricidea sp.","Palaemonetes floridanus"
"Capitellidae","Palaemonetes floridanus"
"Cirratulidae","Palaemonetes floridanus"
"Maldanidae","Palaemonetes floridanus"
"Orbiniidae","Palaemonetes floridanus"
"Paraonidae","Palaemonetes floridanus"
"Pectanaridae","Palaemonetes floridanus"
"Syllidae","Palaemonetes floridanus"
"Amphitritidae","Palaemonetes floridanus"
"Spionidae","Palaemonetes floridanus"
"Glyceridae","Palaemonetes floridanus"
"Nereidae","Palaemonetes floridanus"
"Onuphidae","Palaemonetes floridanus"
"Hesionidae","Palaemonetes floridanus"
"Nemertines","Palaemonetes floridanus"
"Serpulidae","Palaemonetes floridanus"
"Sabellidae","Palaemonetes floridanus"
"Halodule wrightii","Palaemonetes floridanus"
"Micro-epiphytes","Palaemonetes floridanus"
"Detritus","Palaemonetes floridanus"
"meiofauna","Penaeus duorum"
"Acunmindeutopus naglei","Penaeus duorum"
"Amphithoe longimana","Penaeus duorum"
"Caprella penantis","Penaeus duorum"
"Cymadusa compta","Penaeus duorum"
"Lembos rectanularis","Penaeus duorum"
"Batea catharinensis","Penaeus duorum"
"Elasmopus levis","Penaeus duorum"
"Melita","Penaeus duorum"
"Synchelidium","Penaeus duorum"
"Listriella barnardi","Penaeus duorum"
"Lysianopsis alba","Penaeus duorum"
"Neopanope texana","Penaeus duorum"
"Pinixia floridana","Penaeus duorum"
"Ampelisca","Penaeus duorum"
"Gammarus mucronatus","Penaeus duorum"
"Cerapus tubularis","Penaeus duorum"
"Corophium","Penaeus duorum"
"Cumacea","Penaeus duorum"
"Tanaidacea","Penaeus duorum"
"Ostracoda","Penaeus duorum"
"Mysidopsis","Penaeus duorum"
"Hippolyte zostericola","Penaeus duorum"
"Alpheus normani","Penaeus duorum"
"Acteocina candei","Penaeus duorum"
"Schwartziella catesbyana","Penaeus duorum"
"Cadulus carolinensis","Penaeus duorum"
"Haminoea succinea","Penaeus duorum"
"Acteon punctostriatus","Penaeus duorum"
"Olivella mutica","Penaeus duorum"
"Truncatella pulchella","Penaeus duorum"
"Nassarius vibex","Penaeus duorum"
"Aricidea sp.","Penaeus duorum"
"Capitellidae","Penaeus duorum"
"Cirratulidae","Penaeus duorum"
"Maldanidae","Penaeus duorum"
"Orbiniidae","Penaeus duorum"
"Paraonidae","Penaeus duorum"
"Pectanaridae","Penaeus duorum"
"Syllidae","Penaeus duorum"
"Amphitritidae","Penaeus duorum"
"Spionidae","Penaeus duorum"
"Glyceridae","Penaeus duorum"
"Nereidae","Penaeus duorum"
"Onuphidae","Penaeus duorum"
"Hesionidae","Penaeus duorum"
"Nemertines","Penaeus duorum"
"Serpulidae","Penaeus duorum"
"Sabellidae","Penaeus duorum"
"Halodule wrightii","Penaeus duorum"
"Micro-epiphytes","Penaeus duorum"
"Detritus","Penaeus duorum"
"meiofauna","Processa bermudensis"
"Acunmindeutopus naglei","Processa bermudensis"
"Amphithoe longimana","Processa bermudensis"
"Caprella penantis","Processa bermudensis"
"Cymadusa compta","Processa bermudensis"
"Lembos rectanularis","Processa bermudensis"
"Batea catharinensis","Processa bermudensis"
"Elasmopus levis","Processa bermudensis"
"Melita","Processa bermudensis"
"Synchelidium","Processa bermudensis"
"Listriella barnardi","Processa bermudensis"
"Lysianopsis alba","Processa bermudensis"
"Neopanope texana","Processa bermudensis"
"Pinixia floridana","Processa bermudensis"
"Ampelisca","Processa bermudensis"
"Gammarus mucronatus","Processa bermudensis"
"Cerapus tubularis","Processa bermudensis"
"Corophium","Processa bermudensis"
"Cumacea","Processa bermudensis"
"Tanaidacea","Processa bermudensis"
"Ostracoda","Processa bermudensis"
"Mysidopsis","Processa bermudensis"
"Hippolyte zostericola","Processa bermudensis"
"Alpheus normani","Processa bermudensis"
"Acteocina candei","Processa bermudensis"
"Schwartziella catesbyana","Processa bermudensis"
"Cadulus carolinensis","Processa bermudensis"
"Haminoea succinea","Processa bermudensis"
"Acteon punctostriatus","Processa bermudensis"
"Olivella mutica","Processa bermudensis"
"Truncatella pulchella","Processa bermudensis"
"Nassarius vibex","Processa bermudensis"
"Aricidea sp.","Processa bermudensis"
"Capitellidae","Processa bermudensis"
"Cirratulidae","Processa bermudensis"
"Maldanidae","Processa bermudensis"
"Orbiniidae","Processa bermudensis"
"Paraonidae","Processa bermudensis"
"Pectanaridae","Processa bermudensis"
"Syllidae","Processa bermudensis"
"Amphitritidae","Processa bermudensis"
"Spionidae","Processa bermudensis"
"Glyceridae","Processa bermudensis"
"Nereidae","Processa bermudensis"
"Onuphidae","Processa bermudensis"
"Hesionidae","Processa bermudensis"
"Nemertines","Processa bermudensis"
"Serpulidae","Processa bermudensis"
"Sabellidae","Processa bermudensis"
"Halodule wrightii","Processa bermudensis"
"Micro-epiphytes","Processa bermudensis"
"Detritus","Processa bermudensis"
"Pagurus mclaughlini","Dasyatis sabina"
"Neopanope texana","Dasyatis sabina"
"Pinixia floridana","Dasyatis sabina"
"Leiostomus xanthurus","Dasyatis sabina"
"Aricidea sp.","Dasyatis sabina"
"Capitellidae","Dasyatis sabina"
"Cirratulidae","Dasyatis sabina"
"Maldanidae","Dasyatis sabina"
"Orbiniidae","Dasyatis sabina"
"Paraonidae","Dasyatis sabina"
"Pectanaridae","Dasyatis sabina"
"Syllidae","Dasyatis sabina"
"Amphitritidae","Dasyatis sabina"
"Spionidae","Dasyatis sabina"
"Halodule wrightii","Dasyatis sabina"
"Pagurus mclaughlini","Arius felis"
"Neopanope texana","Arius felis"
"Pinixia floridana","Arius felis"
"Leiostomus xanthurus","Arius felis"
"Aricidea sp.","Arius felis"
"Capitellidae","Arius felis"
"Cirratulidae","Arius felis"
"Maldanidae","Arius felis"
"Orbiniidae","Arius felis"
"Paraonidae","Arius felis"
"Pectanaridae","Arius felis"
"Syllidae","Arius felis"
"Amphitritidae","Arius felis"
"Spionidae","Arius felis"
"Halodule wrightii","Arius felis"
"Acunmindeutopus naglei","Symphurus plagisua"
"Amphithoe longimana","Symphurus plagisua"
"Caprella penantis","Symphurus plagisua"
"Cymadusa compta","Symphurus plagisua"
"Lembos rectanularis","Symphurus plagisua"
"Batea catharinensis","Symphurus plagisua"
"Elasmopus levis","Symphurus plagisua"
"Melita","Symphurus plagisua"
"Synchelidium","Symphurus plagisua"
"Listriella barnardi","Symphurus plagisua"
"Lysianopsis alba","Symphurus plagisua"
"Ampelisca","Symphurus plagisua"
"Gammarus mucronatus","Symphurus plagisua"
"Cerapus tubularis","Symphurus plagisua"
"Corophium","Symphurus plagisua"
"Cumacea","Symphurus plagisua"
"Tanaidacea","Symphurus plagisua"
"Ostracoda","Symphurus plagisua"
"Mysidopsis","Symphurus plagisua"
"Lagodon rhomboides","Paralichthyes albigutta"
"Leiostomus xanthurus","Paralichthyes albigutta"
"Lagodon rhomboides","Strongylura marina"
"Leiostomus xanthurus","Strongylura marina"
"Erichsonella","Urophycis floridana"
"Paracerces caudata","Urophycis floridana"
"Edotea triloba","Urophycis floridana"
"Ampelisca","Urophycis floridana"
"Gammarus mucronatus","Urophycis floridana"
"Cerapus tubularis","Urophycis floridana"
"Corophium","Urophycis floridana"
"Cumacea","Urophycis floridana"
"Tanaidacea","Urophycis floridana"
"Ostracoda","Urophycis floridana"
"Mysidopsis","Urophycis floridana"
"Hippolyte zostericola","Urophycis floridana"
"Alpheus normani","Urophycis floridana"
"Palaemonetes floridanus","Urophycis floridana"
"Penaeus duorum","Urophycis floridana"
"Processa bermudensis","Urophycis floridana"
"Leiostomus xanthurus","Urophycis floridana"
"Acartia tonsa","Urophycis floridana"
"Foraminifera","Urophycis floridana"
"Harpacticoid","Urophycis floridana"
"Nematode","Urophycis floridana"
"Pycnogonid","Urophycis floridana"
"Erichsonella","Prionotus scitulus"
"Paracerces caudata","Prionotus scitulus"
"Edotea triloba","Prionotus scitulus"
"Ampelisca","Prionotus scitulus"
"Gammarus mucronatus","Prionotus scitulus"
"Cerapus tubularis","Prionotus scitulus"
"Corophium","Prionotus scitulus"
"Cumacea","Prionotus scitulus"
"Tanaidacea","Prionotus scitulus"
"Ostracoda","Prionotus scitulus"
"Mysidopsis","Prionotus scitulus"
"Hippolyte zostericola","Prionotus scitulus"
"Alpheus normani","Prionotus scitulus"
"Palaemonetes floridanus","Prionotus scitulus"
"Penaeus duorum","Prionotus scitulus"
"Processa bermudensis","Prionotus scitulus"
"Leiostomus xanthurus","Prionotus scitulus"
"Acartia tonsa","Prionotus scitulus"
"Foraminifera","Prionotus scitulus"
"Harpacticoid","Prionotus scitulus"
"Nematode","Prionotus scitulus"
"Pycnogonid","Prionotus scitulus"
"Erichsonella","Prionotus tribulus"
"Paracerces caudata","Prionotus tribulus"
"Edotea triloba","Prionotus tribulus"
"Ampelisca","Prionotus tribulus"
"Gammarus mucronatus","Prionotus tribulus"
"Cerapus tubularis","Prionotus tribulus"
"Corophium","Prionotus tribulus"
"Cumacea","Prionotus tribulus"
"Tanaidacea","Prionotus tribulus"
"Ostracoda","Prionotus tribulus"
"Mysidopsis","Prionotus tribulus"
"Hippolyte zostericola","Prionotus tribulus"
"Alpheus normani","Prionotus tribulus"
"Palaemonetes floridanus","Prionotus tribulus"
"Penaeus duorum","Prionotus tribulus"
"Processa bermudensis","Prionotus tribulus"
"Leiostomus xanthurus","Prionotus tribulus"
"Acartia tonsa","Prionotus tribulus"
"Foraminifera","Prionotus tribulus"
"Harpacticoid","Prionotus tribulus"
"Nematode","Prionotus tribulus"
"Pycnogonid","Prionotus tribulus"
"Acunmindeutopus naglei","Menidia beryllina"
"Amphithoe longimana","Menidia beryllina"
"Caprella penantis","Menidia beryllina"
"Cymadusa compta","Menidia beryllina"
"Lembos rectanularis","Menidia beryllina"
"Batea catharinensis","Menidia beryllina"
"Elasmopus levis","Menidia beryllina"
"Melita","Menidia beryllina"
"Synchelidium","Menidia beryllina"
"Listriella barnardi","Menidia beryllina"
"Lysianopsis alba","Menidia beryllina"
"Ophioderma brevispinum","Menidia beryllina"
"Ampelisca","Menidia beryllina"
"Gammarus mucronatus","Menidia beryllina"
"Cerapus tubularis","Menidia beryllina"
"Corophium","Menidia beryllina"
"Cumacea","Menidia beryllina"
"Tanaidacea","Menidia beryllina"
"Ostracoda","Menidia beryllina"
"Mysidopsis","Menidia beryllina"
"Hippolyte zostericola","Menidia beryllina"
"Alpheus normani","Menidia beryllina"
"Palaemonetes floridanus","Menidia beryllina"
"Penaeus duorum","Menidia beryllina"
"Processa bermudensis","Menidia beryllina"
"Leiostomus xanthurus","Menidia beryllina"
"Aricidea sp.","Menidia beryllina"
"Capitellidae","Menidia beryllina"
"Cirratulidae","Menidia beryllina"
"Maldanidae","Menidia beryllina"
"Orbiniidae","Menidia beryllina"
"Paraonidae","Menidia beryllina"
"Pectanaridae","Menidia beryllina"
"Syllidae","Menidia beryllina"
"Amphitritidae","Menidia beryllina"
"Spionidae","Menidia beryllina"
"Glyceridae","Menidia beryllina"
"Nereidae","Menidia beryllina"
"Onuphidae","Menidia beryllina"
"Hesionidae","Menidia beryllina"
"Nemertines","Menidia beryllina"
"Serpulidae","Menidia beryllina"
"Sabellidae","Menidia beryllina"
"Phytoplankton","Menidia beryllina"
"Acunmindeutopus naglei","Anchoa mitchelli"
"Amphithoe longimana","Anchoa mitchelli"
"Caprella penantis","Anchoa mitchelli"
"Cymadusa compta","Anchoa mitchelli"
"Lembos rectanularis","Anchoa mitchelli"
"Batea catharinensis","Anchoa mitchelli"
"Elasmopus levis","Anchoa mitchelli"
"Melita","Anchoa mitchelli"
"Synchelidium","Anchoa mitchelli"
"Listriella barnardi","Anchoa mitchelli"
"Lysianopsis alba","Anchoa mitchelli"
"Ophioderma brevispinum","Anchoa mitchelli"
"Ampelisca","Anchoa mitchelli"
"Gammarus mucronatus","Anchoa mitchelli"
"Cerapus tubularis","Anchoa mitchelli"
"Corophium","Anchoa mitchelli"
"Cumacea","Anchoa mitchelli"
"Tanaidacea","Anchoa mitchelli"
"Ostracoda","Anchoa mitchelli"
"Mysidopsis","Anchoa mitchelli"
"Hippolyte zostericola","Anchoa mitchelli"
"Alpheus normani","Anchoa mitchelli"
"Palaemonetes floridanus","Anchoa mitchelli"
"Penaeus duorum","Anchoa mitchelli"
"Processa bermudensis","Anchoa mitchelli"
"Leiostomus xanthurus","Anchoa mitchelli"
"Aricidea sp.","Anchoa mitchelli"
"Capitellidae","Anchoa mitchelli"
"Cirratulidae","Anchoa mitchelli"
"Maldanidae","Anchoa mitchelli"
"Orbiniidae","Anchoa mitchelli"
"Paraonidae","Anchoa mitchelli"
"Pectanaridae","Anchoa mitchelli"
"Syllidae","Anchoa mitchelli"
"Amphitritidae","Anchoa mitchelli"
"Spionidae","Anchoa mitchelli"
"Glyceridae","Anchoa mitchelli"
"Nereidae","Anchoa mitchelli"
"Onuphidae","Anchoa mitchelli"
"Hesionidae","Anchoa mitchelli"
"Nemertines","Anchoa mitchelli"
"Serpulidae","Anchoa mitchelli"
"Sabellidae","Anchoa mitchelli"
"Phytoplankton","Anchoa mitchelli"
"meiofauna","Cyprinodon variegatus variegatus"
"Acunmindeutopus naglei","Cyprinodon variegatus variegatus"
"Amphithoe longimana","Cyprinodon variegatus variegatus"
"Caprella penantis","Cyprinodon variegatus variegatus"
"Cymadusa compta","Cyprinodon variegatus variegatus"
"Lembos rectanularis","Cyprinodon variegatus variegatus"
"Batea catharinensis","Cyprinodon variegatus variegatus"
"Elasmopus levis","Cyprinodon variegatus variegatus"
"Melita","Cyprinodon variegatus variegatus"
"Synchelidium","Cyprinodon variegatus variegatus"
"Listriella barnardi","Cyprinodon variegatus variegatus"
"Lysianopsis alba","Cyprinodon variegatus variegatus"
"Ampelisca","Cyprinodon variegatus variegatus"
"Gammarus mucronatus","Cyprinodon variegatus variegatus"
"Cerapus tubularis","Cyprinodon variegatus variegatus"
"Corophium","Cyprinodon variegatus variegatus"
"Cumacea","Cyprinodon variegatus variegatus"
"Tanaidacea","Cyprinodon variegatus variegatus"
"Ostracoda","Cyprinodon variegatus variegatus"
"Mysidopsis","Cyprinodon variegatus variegatus"
"Acartia tonsa","Cyprinodon variegatus variegatus"
"Foraminifera","Cyprinodon variegatus variegatus"
"Harpacticoid","Cyprinodon variegatus variegatus"
"Nematode","Cyprinodon variegatus variegatus"
"Pycnogonid","Cyprinodon variegatus variegatus"
"Macro-epiphytes","Cyprinodon variegatus variegatus"
"Benthic algae","Cyprinodon variegatus variegatus"
"Detritus","Cyprinodon variegatus variegatus"
"meiofauna","Fundulus similis"
"Acunmindeutopus naglei","Fundulus similis"
"Amphithoe longimana","Fundulus similis"
"Caprella penantis","Fundulus similis"
"Cymadusa compta","Fundulus similis"
"Lembos rectanularis","Fundulus similis"
"Batea catharinensis","Fundulus similis"
"Elasmopus levis","Fundulus similis"
"Melita","Fundulus similis"
"Synchelidium","Fundulus similis"
"Listriella barnardi","Fundulus similis"
"Lysianopsis alba","Fundulus similis"
"Ampelisca","Fundulus similis"
"Gammarus mucronatus","Fundulus similis"
"Cerapus tubularis","Fundulus similis"
"Corophium","Fundulus similis"
"Cumacea","Fundulus similis"
"Tanaidacea","Fundulus similis"
"Ostracoda","Fundulus similis"
"Mysidopsis","Fundulus similis"
"Lagodon rhomboides","Fundulus similis"
"Leiostomus xanthurus","Fundulus similis"
"Acartia tonsa","Fundulus similis"
"Foraminifera","Fundulus similis"
"Harpacticoid","Fundulus similis"
"Nematode","Fundulus similis"
"Pycnogonid","Fundulus similis"
"Macro-epiphytes","Fundulus similis"
"Detritus","Fundulus similis"
"meiofauna","Fundulus confluentus"
"Acunmindeutopus naglei","Fundulus confluentus"
"Amphithoe longimana","Fundulus confluentus"
"Caprella penantis","Fundulus confluentus"
"Cymadusa compta","Fundulus confluentus"
"Lembos rectanularis","Fundulus confluentus"
"Batea catharinensis","Fundulus confluentus"
"Elasmopus levis","Fundulus confluentus"
"Melita","Fundulus confluentus"
"Synchelidium","Fundulus confluentus"
"Listriella barnardi","Fundulus confluentus"
"Lysianopsis alba","Fundulus confluentus"
"Ampelisca","Fundulus confluentus"
"Gammarus mucronatus","Fundulus confluentus"
"Cerapus tubularis","Fundulus confluentus"
"Corophium","Fundulus confluentus"
"Cumacea","Fundulus confluentus"
"Tanaidacea","Fundulus confluentus"
"Ostracoda","Fundulus confluentus"
"Mysidopsis","Fundulus confluentus"
"Lagodon rhomboides","Fundulus confluentus"
"Leiostomus xanthurus","Fundulus confluentus"
"Acartia tonsa","Fundulus confluentus"
"Foraminifera","Fundulus confluentus"
"Harpacticoid","Fundulus confluentus"
"Nematode","Fundulus confluentus"
"Pycnogonid","Fundulus confluentus"
"Macro-epiphytes","Fundulus confluentus"
"Detritus","Fundulus confluentus"
"meiofauna","Adinia xenica"
"Acunmindeutopus naglei","Adinia xenica"
"Amphithoe longimana","Adinia xenica"
"Caprella penantis","Adinia xenica"
"Cymadusa compta","Adinia xenica"
"Lembos rectanularis","Adinia xenica"
"Batea catharinensis","Adinia xenica"
"Elasmopus levis","Adinia xenica"
"Melita","Adinia xenica"
"Synchelidium","Adinia xenica"
"Listriella barnardi","Adinia xenica"
"Lysianopsis alba","Adinia xenica"
"Ampelisca","Adinia xenica"
"Gammarus mucronatus","Adinia xenica"
"Cerapus tubularis","Adinia xenica"
"Corophium","Adinia xenica"
"Cumacea","Adinia xenica"
"Tanaidacea","Adinia xenica"
"Ostracoda","Adinia xenica"
"Mysidopsis","Adinia xenica"
"Lagodon rhomboides","Adinia xenica"
"Leiostomus xanthurus","Adinia xenica"
"Acartia tonsa","Adinia xenica"
"Foraminifera","Adinia xenica"
"Harpacticoid","Adinia xenica"
"Nematode","Adinia xenica"
"Pycnogonid","Adinia xenica"
"Macro-epiphytes","Adinia xenica"
"Detritus","Adinia xenica"
"meiofauna","Microgobius gulosus"
"Acunmindeutopus naglei","Microgobius gulosus"
"Amphithoe longimana","Microgobius gulosus"
"Caprella penantis","Microgobius gulosus"
"Cymadusa compta","Microgobius gulosus"
"Lembos rectanularis","Microgobius gulosus"
"Batea catharinensis","Microgobius gulosus"
"Elasmopus levis","Microgobius gulosus"
"Melita","Microgobius gulosus"
"Synchelidium","Microgobius gulosus"
"Listriella barnardi","Microgobius gulosus"
"Lysianopsis alba","Microgobius gulosus"
"Brachiodontes exustus","Microgobius gulosus"
"Chione cancellata","Microgobius gulosus"
"Argopecten irradians","Microgobius gulosus"
"Crepidula fornicata","Microgobius gulosus"
"Crepidula convexa","Microgobius gulosus"
"Neopanope texana","Microgobius gulosus"
"Pinixia floridana","Microgobius gulosus"
"Erichsonella","Microgobius gulosus"
"Paracerces caudata","Microgobius gulosus"
"Edotea triloba","Microgobius gulosus"
"Ampelisca","Microgobius gulosus"
"Gammarus mucronatus","Microgobius gulosus"
"Cerapus tubularis","Microgobius gulosus"
"Corophium","Microgobius gulosus"
"Cumacea","Microgobius gulosus"
"Tanaidacea","Microgobius gulosus"
"Ostracoda","Microgobius gulosus"
"Mysidopsis","Microgobius gulosus"
"Acartia tonsa","Microgobius gulosus"
"Foraminifera","Microgobius gulosus"
"Harpacticoid","Microgobius gulosus"
"Nematode","Microgobius gulosus"
"Pycnogonid","Microgobius gulosus"
"meiofauna","Gobiosoma robustum"
"Acunmindeutopus naglei","Gobiosoma robustum"
"Amphithoe longimana","Gobiosoma robustum"
"Caprella penantis","Gobiosoma robustum"
"Cymadusa compta","Gobiosoma robustum"
"Lembos rectanularis","Gobiosoma robustum"
"Batea catharinensis","Gobiosoma robustum"
"Elasmopus levis","Gobiosoma robustum"
"Melita","Gobiosoma robustum"
"Synchelidium","Gobiosoma robustum"
"Listriella barnardi","Gobiosoma robustum"
"Lysianopsis alba","Gobiosoma robustum"
"Brachiodontes exustus","Gobiosoma robustum"
"Chione cancellata","Gobiosoma robustum"
"Argopecten irradians","Gobiosoma robustum"
"Crepidula fornicata","Gobiosoma robustum"
"Crepidula convexa","Gobiosoma robustum"
"Neopanope texana","Gobiosoma robustum"
"Pinixia floridana","Gobiosoma robustum"
"Erichsonella","Gobiosoma robustum"
"Paracerces caudata","Gobiosoma robustum"
"Edotea triloba","Gobiosoma robustum"
"Ampelisca","Gobiosoma robustum"
"Gammarus mucronatus","Gobiosoma robustum"
"Cerapus tubularis","Gobiosoma robustum"
"Corophium","Gobiosoma robustum"
"Cumacea","Gobiosoma robustum"
"Tanaidacea","Gobiosoma robustum"
"Ostracoda","Gobiosoma robustum"
"Mysidopsis","Gobiosoma robustum"
"Acartia tonsa","Gobiosoma robustum"
"Foraminifera","Gobiosoma robustum"
"Harpacticoid","Gobiosoma robustum"
"Nematode","Gobiosoma robustum"
"Pycnogonid","Gobiosoma robustum"
"meiofauna","Lagodon rhomboides"
"Acunmindeutopus naglei","Lagodon rhomboides"
"Amphithoe longimana","Lagodon rhomboides"
"Caprella penantis","Lagodon rhomboides"
"Cymadusa compta","Lagodon rhomboides"
"Lembos rectanularis","Lagodon rhomboides"
"Batea catharinensis","Lagodon rhomboides"
"Elasmopus levis","Lagodon rhomboides"
"Melita","Lagodon rhomboides"
"Synchelidium","Lagodon rhomboides"
"Listriella barnardi","Lagodon rhomboides"
"Lysianopsis alba","Lagodon rhomboides"
"Ampelisca","Lagodon rhomboides"
"Gammarus mucronatus","Lagodon rhomboides"
"Cerapus tubularis","Lagodon rhomboides"
"Corophium","Lagodon rhomboides"
"Cumacea","Lagodon rhomboides"
"Tanaidacea","Lagodon rhomboides"
"Ostracoda","Lagodon rhomboides"
"Mysidopsis","Lagodon rhomboides"
"Aricidea sp.","Lagodon rhomboides"
"Capitellidae","Lagodon rhomboides"
"Cirratulidae","Lagodon rhomboides"
"Maldanidae","Lagodon rhomboides"
"Orbiniidae","Lagodon rhomboides"
"Paraonidae","Lagodon rhomboides"
"Pectanaridae","Lagodon rhomboides"
"Syllidae","Lagodon rhomboides"
"Amphitritidae","Lagodon rhomboides"
"Spionidae","Lagodon rhomboides"
"Glyceridae","Lagodon rhomboides"
"Nereidae","Lagodon rhomboides"
"Onuphidae","Lagodon rhomboides"
"Hesionidae","Lagodon rhomboides"
"Nemertines","Lagodon rhomboides"
"Serpulidae","Lagodon rhomboides"
"Sabellidae","Lagodon rhomboides"
"Acartia tonsa","Lagodon rhomboides"
"Foraminifera","Lagodon rhomboides"
"Harpacticoid","Lagodon rhomboides"
"Nematode","Lagodon rhomboides"
"Pycnogonid","Lagodon rhomboides"
"Benthic algae","Lagodon rhomboides"
"Detritus","Lagodon rhomboides"
"meiofauna","Leiostomus xanthurus"
"Acunmindeutopus naglei","Leiostomus xanthurus"
"Amphithoe longimana","Leiostomus xanthurus"
"Caprella penantis","Leiostomus xanthurus"
"Cymadusa compta","Leiostomus xanthurus"
"Lembos rectanularis","Leiostomus xanthurus"
"Batea catharinensis","Leiostomus xanthurus"
"Elasmopus levis","Leiostomus xanthurus"
"Melita","Leiostomus xanthurus"
"Synchelidium","Leiostomus xanthurus"
"Listriella barnardi","Leiostomus xanthurus"
"Lysianopsis alba","Leiostomus xanthurus"
"Ampelisca","Leiostomus xanthurus"
"Gammarus mucronatus","Leiostomus xanthurus"
"Cerapus tubularis","Leiostomus xanthurus"
"Corophium","Leiostomus xanthurus"
"Cumacea","Leiostomus xanthurus"
"Tanaidacea","Leiostomus xanthurus"
"Ostracoda","Leiostomus xanthurus"
"Mysidopsis","Leiostomus xanthurus"
"Palaemonetes floridanus","Leiostomus xanthurus"
"Penaeus duorum","Leiostomus xanthurus"
"Processa bermudensis","Leiostomus xanthurus"
"Aricidea sp.","Leiostomus xanthurus"
"Capitellidae","Leiostomus xanthurus"
"Cirratulidae","Leiostomus xanthurus"
"Maldanidae","Leiostomus xanthurus"
"Orbiniidae","Leiostomus xanthurus"
"Paraonidae","Leiostomus xanthurus"
"Pectanaridae","Leiostomus xanthurus"
"Syllidae","Leiostomus xanthurus"
"Amphitritidae","Leiostomus xanthurus"
"Spionidae","Leiostomus xanthurus"
"Glyceridae","Leiostomus xanthurus"
"Nereidae","Leiostomus xanthurus"
"Onuphidae","Leiostomus xanthurus"
"Hesionidae","Leiostomus xanthurus"
"Nemertines","Leiostomus xanthurus"
"Serpulidae","Leiostomus xanthurus"
"Sabellidae","Leiostomus xanthurus"
"Acartia tonsa","Leiostomus xanthurus"
"Foraminifera","Leiostomus xanthurus"
"Harpacticoid","Leiostomus xanthurus"
"Nematode","Leiostomus xanthurus"
"Pycnogonid","Leiostomus xanthurus"
"Benthic algae","Leiostomus xanthurus"
"meiofauna","Hippocampus zosterae"
"Acunmindeutopus naglei","Hippocampus zosterae"
"Amphithoe longimana","Hippocampus zosterae"
"Caprella penantis","Hippocampus zosterae"
"Cymadusa compta","Hippocampus zosterae"
"Lembos rectanularis","Hippocampus zosterae"
"Batea catharinensis","Hippocampus zosterae"
"Elasmopus levis","Hippocampus zosterae"
"Melita","Hippocampus zosterae"
"Synchelidium","Hippocampus zosterae"
"Listriella barnardi","Hippocampus zosterae"
"Lysianopsis alba","Hippocampus zosterae"
"Erichsonella","Hippocampus zosterae"
"Paracerces caudata","Hippocampus zosterae"
"Edotea triloba","Hippocampus zosterae"
"Ampelisca","Hippocampus zosterae"
"Gammarus mucronatus","Hippocampus zosterae"
"Cerapus tubularis","Hippocampus zosterae"
"Corophium","Hippocampus zosterae"
"Cumacea","Hippocampus zosterae"
"Tanaidacea","Hippocampus zosterae"
"Ostracoda","Hippocampus zosterae"
"Mysidopsis","Hippocampus zosterae"
"Hippolyte zostericola","Hippocampus zosterae"
"Alpheus normani","Hippocampus zosterae"
"Palaemonetes floridanus","Hippocampus zosterae"
"Penaeus duorum","Hippocampus zosterae"
"Processa bermudensis","Hippocampus zosterae"
"Aricidea sp.","Hippocampus zosterae"
"Capitellidae","Hippocampus zosterae"
"Cirratulidae","Hippocampus zosterae"
"Maldanidae","Hippocampus zosterae"
"Orbiniidae","Hippocampus zosterae"
"Paraonidae","Hippocampus zosterae"
"Pectanaridae","Hippocampus zosterae"
"Syllidae","Hippocampus zosterae"
"Amphitritidae","Hippocampus zosterae"
"Spionidae","Hippocampus zosterae"
"Glyceridae","Hippocampus zosterae"
"Nereidae","Hippocampus zosterae"
"Onuphidae","Hippocampus zosterae"
"Hesionidae","Hippocampus zosterae"
"Nemertines","Hippocampus zosterae"
"Acartia tonsa","Hippocampus zosterae"
"Foraminifera","Hippocampus zosterae"
"Harpacticoid","Hippocampus zosterae"
"Nematode","Hippocampus zosterae"
"Pycnogonid","Hippocampus zosterae"
"Benthic algae","Hippocampus zosterae"
"meiofauna","Syngnathus scovelli"
"Acunmindeutopus naglei","Syngnathus scovelli"
"Amphithoe longimana","Syngnathus scovelli"
"Caprella penantis","Syngnathus scovelli"
"Cymadusa compta","Syngnathus scovelli"
"Lembos rectanularis","Syngnathus scovelli"
"Batea catharinensis","Syngnathus scovelli"
"Elasmopus levis","Syngnathus scovelli"
"Melita","Syngnathus scovelli"
"Synchelidium","Syngnathus scovelli"
"Listriella barnardi","Syngnathus scovelli"
"Lysianopsis alba","Syngnathus scovelli"
"Erichsonella","Syngnathus scovelli"
"Paracerces caudata","Syngnathus scovelli"
"Edotea triloba","Syngnathus scovelli"
"Ampelisca","Syngnathus scovelli"
"Gammarus mucronatus","Syngnathus scovelli"
"Cerapus tubularis","Syngnathus scovelli"
"Corophium","Syngnathus scovelli"
"Cumacea","Syngnathus scovelli"
"Tanaidacea","Syngnathus scovelli"
"Ostracoda","Syngnathus scovelli"
"Mysidopsis","Syngnathus scovelli"
"Hippolyte zostericola","Syngnathus scovelli"
"Alpheus normani","Syngnathus scovelli"
"Palaemonetes floridanus","Syngnathus scovelli"
"Penaeus duorum","Syngnathus scovelli"
"Processa bermudensis","Syngnathus scovelli"
"Aricidea sp.","Syngnathus scovelli"
"Capitellidae","Syngnathus scovelli"
"Cirratulidae","Syngnathus scovelli"
"Maldanidae","Syngnathus scovelli"
"Orbiniidae","Syngnathus scovelli"
"Paraonidae","Syngnathus scovelli"
"Pectanaridae","Syngnathus scovelli"
"Syllidae","Syngnathus scovelli"
"Amphitritidae","Syngnathus scovelli"
"Spionidae","Syngnathus scovelli"
"Glyceridae","Syngnathus scovelli"
"Nereidae","Syngnathus scovelli"
"Onuphidae","Syngnathus scovelli"
"Hesionidae","Syngnathus scovelli"
"Nemertines","Syngnathus scovelli"
"Acartia tonsa","Syngnathus scovelli"
"Foraminifera","Syngnathus scovelli"
"Harpacticoid","Syngnathus scovelli"
"Nematode","Syngnathus scovelli"
"Pycnogonid","Syngnathus scovelli"
"Benthic algae","Syngnathus scovelli"
"Acunmindeutopus naglei","Sciaenops ocellatus"
"Amphithoe longimana","Sciaenops ocellatus"
"Caprella penantis","Sciaenops ocellatus"
"Cymadusa compta","Sciaenops ocellatus"
"Lembos rectanularis","Sciaenops ocellatus"
"Batea catharinensis","Sciaenops ocellatus"
"Elasmopus levis","Sciaenops ocellatus"
"Melita","Sciaenops ocellatus"
"Synchelidium","Sciaenops ocellatus"
"Listriella barnardi","Sciaenops ocellatus"
"Lysianopsis alba","Sciaenops ocellatus"
"Pagurus mclaughlini","Sciaenops ocellatus"
"Neopanope texana","Sciaenops ocellatus"
"Pinixia floridana","Sciaenops ocellatus"
"Ampelisca","Sciaenops ocellatus"
"Gammarus mucronatus","Sciaenops ocellatus"
"Cerapus tubularis","Sciaenops ocellatus"
"Corophium","Sciaenops ocellatus"
"Cumacea","Sciaenops ocellatus"
"Tanaidacea","Sciaenops ocellatus"
"Ostracoda","Sciaenops ocellatus"
"Mysidopsis","Sciaenops ocellatus"
"Urophycis floridana","Sciaenops ocellatus"
"Prionotus scitulus","Sciaenops ocellatus"
"Prionotus tribulus","Sciaenops ocellatus"
"Cyprinodon variegatus variegatus","Sciaenops ocellatus"
"Fundulus similis","Sciaenops ocellatus"
"Fundulus confluentus","Sciaenops ocellatus"
"Adinia xenica","Sciaenops ocellatus"
"Lagodon rhomboides","Sciaenops ocellatus"
"Hippocampus zosterae","Sciaenops ocellatus"
"Syngnathus scovelli","Sciaenops ocellatus"
"Aricidea sp.","Sciaenops ocellatus"
"Capitellidae","Sciaenops ocellatus"
"Cirratulidae","Sciaenops ocellatus"
"Maldanidae","Sciaenops ocellatus"
"Orbiniidae","Sciaenops ocellatus"
"Paraonidae","Sciaenops ocellatus"
"Pectanaridae","Sciaenops ocellatus"
"Syllidae","Sciaenops ocellatus"
"Amphitritidae","Sciaenops ocellatus"
"Spionidae","Sciaenops ocellatus"
"Glyceridae","Sciaenops ocellatus"
"Nereidae","Sciaenops ocellatus"
"Onuphidae","Sciaenops ocellatus"
"Hesionidae","Sciaenops ocellatus"
"Nemertines","Sciaenops ocellatus"
"Serpulidae","Sciaenops ocellatus"
"Sabellidae","Sciaenops ocellatus"
"benthic bacteria","Acteocina candei"
"microfauna","Acteocina candei"
"meiofauna","Acteocina candei"
"Benthic algae","Acteocina candei"
"Detritus","Acteocina candei"
"benthic bacteria","Schwartziella catesbyana"
"microfauna","Schwartziella catesbyana"
"meiofauna","Schwartziella catesbyana"
"Benthic algae","Schwartziella catesbyana"
"Detritus","Schwartziella catesbyana"
"benthic bacteria","Cadulus carolinensis"
"microfauna","Cadulus carolinensis"
"meiofauna","Cadulus carolinensis"
"Benthic algae","Cadulus carolinensis"
"Detritus","Cadulus carolinensis"
"benthic bacteria","Haminoea succinea"
"microfauna","Haminoea succinea"
"meiofauna","Haminoea succinea"
"Benthic algae","Haminoea succinea"
"Detritus","Haminoea succinea"
"benthic bacteria","Acteon punctostriatus"
"microfauna","Acteon punctostriatus"
"meiofauna","Acteon punctostriatus"
"Benthic algae","Acteon punctostriatus"
"Detritus","Acteon punctostriatus"
"benthic bacteria","Olivella mutica"
"microfauna","Olivella mutica"
"meiofauna","Olivella mutica"
"Benthic algae","Olivella mutica"
"Detritus","Olivella mutica"
"benthic bacteria","Truncatella pulchella"
"microfauna","Truncatella pulchella"
"meiofauna","Truncatella pulchella"
"Benthic algae","Truncatella pulchella"
"Detritus","Truncatella pulchella"
"benthic bacteria","Nassarius vibex"
"microfauna","Nassarius vibex"
"meiofauna","Nassarius vibex"
"Benthic algae","Nassarius vibex"
"Detritus","Nassarius vibex"
"Acteocina candei","Urosalpinx perrugata"
"Schwartziella catesbyana","Urosalpinx perrugata"
"Cadulus carolinensis","Urosalpinx perrugata"
"Haminoea succinea","Urosalpinx perrugata"
"Acteon punctostriatus","Urosalpinx perrugata"
"Olivella mutica","Urosalpinx perrugata"
"Truncatella pulchella","Urosalpinx perrugata"
"Nassarius vibex","Urosalpinx perrugata"
"Mangelia plicosa","Urosalpinx perrugata"
"Hylina veliei","Urosalpinx perrugata"
"Jaspidella jaspidea","Urosalpinx perrugata"
"Detritus","Urosalpinx perrugata"
"Acteocina candei","Opalia hotessieriana"
"Schwartziella catesbyana","Opalia hotessieriana"
"Cadulus carolinensis","Opalia hotessieriana"
"Haminoea succinea","Opalia hotessieriana"
"Acteon punctostriatus","Opalia hotessieriana"
"Olivella mutica","Opalia hotessieriana"
"Truncatella pulchella","Opalia hotessieriana"
"Nassarius vibex","Opalia hotessieriana"
"Mangelia plicosa","Opalia hotessieriana"
"Hylina veliei","Opalia hotessieriana"
"Jaspidella jaspidea","Opalia hotessieriana"
"Detritus","Opalia hotessieriana"
"Acteocina candei","Epitonium albidum"
"Schwartziella catesbyana","Epitonium albidum"
"Cadulus carolinensis","Epitonium albidum"
"Haminoea succinea","Epitonium albidum"
"Acteon punctostriatus","Epitonium albidum"
"Olivella mutica","Epitonium albidum"
"Truncatella pulchella","Epitonium albidum"
"Nassarius vibex","Epitonium albidum"
"Mangelia plicosa","Epitonium albidum"
"Hylina veliei","Epitonium albidum"
"Jaspidella jaspidea","Epitonium albidum"
"Detritus","Epitonium albidum"
"Acteocina candei","Terbra"
"Schwartziella catesbyana","Terbra"
"Cadulus carolinensis","Terbra"
"Haminoea succinea","Terbra"
"Acteon punctostriatus","Terbra"
"Olivella mutica","Terbra"
"Truncatella pulchella","Terbra"
"Nassarius vibex","Terbra"
"Mangelia plicosa","Terbra"
"Hylina veliei","Terbra"
"Jaspidella jaspidea","Terbra"
"Detritus","Terbra"
"Acteocina candei","Polinices"
"Schwartziella catesbyana","Polinices"
"Cadulus carolinensis","Polinices"
"Haminoea succinea","Polinices"
"Acteon punctostriatus","Polinices"
"Olivella mutica","Polinices"
"Truncatella pulchella","Polinices"
"Nassarius vibex","Polinices"
"Mangelia plicosa","Polinices"
"Hylina veliei","Polinices"
"Jaspidella jaspidea","Polinices"
"Detritus","Polinices"
"Acteocina candei","Busycon spiratum"
"Schwartziella catesbyana","Busycon spiratum"
"Cadulus carolinensis","Busycon spiratum"
"Haminoea succinea","Busycon spiratum"
"Acteon punctostriatus","Busycon spiratum"
"Olivella mutica","Busycon spiratum"
"Truncatella pulchella","Busycon spiratum"
"Nassarius vibex","Busycon spiratum"
"Mangelia plicosa","Busycon spiratum"
"Hylina veliei","Busycon spiratum"
"Jaspidella jaspidea","Busycon spiratum"
"Detritus","Busycon spiratum"
"Acteocina candei","Turbonilla dalli"
"Schwartziella catesbyana","Turbonilla dalli"
"Cadulus carolinensis","Turbonilla dalli"
"Haminoea succinea","Turbonilla dalli"
"Acteon punctostriatus","Turbonilla dalli"
"Olivella mutica","Turbonilla dalli"
"Truncatella pulchella","Turbonilla dalli"
"Nassarius vibex","Turbonilla dalli"
"Mangelia plicosa","Turbonilla dalli"
"Hylina veliei","Turbonilla dalli"
"Jaspidella jaspidea","Turbonilla dalli"
"Detritus","Turbonilla dalli"
"Acteocina candei","Turbonilla hemphilli"
"Schwartziella catesbyana","Turbonilla hemphilli"
"Cadulus carolinensis","Turbonilla hemphilli"
"Haminoea succinea","Turbonilla hemphilli"
"Acteon punctostriatus","Turbonilla hemphilli"
"Olivella mutica","Turbonilla hemphilli"
"Truncatella pulchella","Turbonilla hemphilli"
"Nassarius vibex","Turbonilla hemphilli"
"Mangelia plicosa","Turbonilla hemphilli"
"Hylina veliei","Turbonilla hemphilli"
"Jaspidella jaspidea","Turbonilla hemphilli"
"Detritus","Turbonilla hemphilli"
"Acteocina candei","Prunum apicinum"
"Schwartziella catesbyana","Prunum apicinum"
"Cadulus carolinensis","Prunum apicinum"
"Haminoea succinea","Prunum apicinum"
"Acteon punctostriatus","Prunum apicinum"
"Olivella mutica","Prunum apicinum"
"Truncatella pulchella","Prunum apicinum"
"Nassarius vibex","Prunum apicinum"
"Mangelia plicosa","Prunum apicinum"
"Hylina veliei","Prunum apicinum"
"Jaspidella jaspidea","Prunum apicinum"
"Detritus","Prunum apicinum"
"Acteocina candei","Prunum bellum"
"Schwartziella catesbyana","Prunum bellum"
"Cadulus carolinensis","Prunum bellum"
"Haminoea succinea","Prunum bellum"
"Acteon punctostriatus","Prunum bellum"
"Olivella mutica","Prunum bellum"
"Truncatella pulchella","Prunum bellum"
"Nassarius vibex","Prunum bellum"
"Mangelia plicosa","Prunum bellum"
"Hylina veliei","Prunum bellum"
"Jaspidella jaspidea","Prunum bellum"
"Detritus","Prunum bellum"
"Acteocina candei","Prunum aureocincata"
"Schwartziella catesbyana","Prunum aureocincata"
"Cadulus carolinensis","Prunum aureocincata"
"Haminoea succinea","Prunum aureocincata"
"Acteon punctostriatus","Prunum aureocincata"
"Olivella mutica","Prunum aureocincata"
"Truncatella pulchella","Prunum aureocincata"
"Nassarius vibex","Prunum aureocincata"
"Mangelia plicosa","Prunum aureocincata"
"Hylina veliei","Prunum aureocincata"
"Jaspidella jaspidea","Prunum aureocincata"
"Detritus","Prunum aureocincata"
"Acteocina candei","Natica pusilla"
"Schwartziella catesbyana","Natica pusilla"
"Cadulus carolinensis","Natica pusilla"
"Haminoea succinea","Natica pusilla"
"Acteon punctostriatus","Natica pusilla"
"Olivella mutica","Natica pusilla"
"Truncatella pulchella","Natica pusilla"
"Nassarius vibex","Natica pusilla"
"Mangelia plicosa","Natica pusilla"
"Hylina veliei","Natica pusilla"
"Jaspidella jaspidea","Natica pusilla"
"Detritus","Natica pusilla"
"Acteocina candei","Hylina veliei"
"Schwartziella catesbyana","Hylina veliei"
"Cadulus carolinensis","Hylina veliei"
"Haminoea succinea","Hylina veliei"
"Acteon punctostriatus","Hylina veliei"
"Olivella mutica","Hylina veliei"
"Truncatella pulchella","Hylina veliei"
"Nassarius vibex","Hylina veliei"
"Mangelia plicosa","Hylina veliei"
"Hylina veliei","Hylina veliei"
"Jaspidella jaspidea","Hylina veliei"
"Detritus","Hylina veliei"
"Acteocina candei","Acanthochitona pygmaea"
"Schwartziella catesbyana","Acanthochitona pygmaea"
"Cadulus carolinensis","Acanthochitona pygmaea"
"Haminoea succinea","Acanthochitona pygmaea"
"Acteon punctostriatus","Acanthochitona pygmaea"
"Olivella mutica","Acanthochitona pygmaea"
"Truncatella pulchella","Acanthochitona pygmaea"
"Nassarius vibex","Acanthochitona pygmaea"
"Mangelia plicosa","Acanthochitona pygmaea"
"Hylina veliei","Acanthochitona pygmaea"
"Jaspidella jaspidea","Acanthochitona pygmaea"
"Detritus","Acanthochitona pygmaea"
"Acteocina candei","Odostomia seminuda"
"Schwartziella catesbyana","Odostomia seminuda"
"Cadulus carolinensis","Odostomia seminuda"
"Haminoea succinea","Odostomia seminuda"
"Acteon punctostriatus","Odostomia seminuda"
"Olivella mutica","Odostomia seminuda"
"Truncatella pulchella","Odostomia seminuda"
"Nassarius vibex","Odostomia seminuda"
"Mangelia plicosa","Odostomia seminuda"
"Hylina veliei","Odostomia seminuda"
"Jaspidella jaspidea","Odostomia seminuda"
"Detritus","Odostomia seminuda"
"Acteocina candei","Seila adamsi"
"Schwartziella catesbyana","Seila adamsi"
"Cadulus carolinensis","Seila adamsi"
"Haminoea succinea","Seila adamsi"
"Acteon punctostriatus","Seila adamsi"
"Olivella mutica","Seila adamsi"
"Truncatella pulchella","Seila adamsi"
"Nassarius vibex","Seila adamsi"
"Mangelia plicosa","Seila adamsi"
"Hylina veliei","Seila adamsi"
"Jaspidella jaspidea","Seila adamsi"
"Detritus","Seila adamsi"
"Micro-epiphytes","Cerithium lutosum"
"Micro-epiphytes","Mitrella lunata"
"Micro-epiphytes","Solariella lamellosa"
"Micro-epiphytes","Anachis avara"
"Micro-epiphytes","Mangelia plicosa"
"Micro-epiphytes","Hylina veliei"
"Micro-epiphytes","Jaspidella jaspidea"
"benthic bacteria","Aricidea sp."
"microfauna","Aricidea sp."
"meiofauna","Aricidea sp."
"Benthic algae","Aricidea sp."
"Detritus","Aricidea sp."
"benthic bacteria","Capitellidae"
"microfauna","Capitellidae"
"meiofauna","Capitellidae"
"Benthic algae","Capitellidae"
"Detritus","Capitellidae"
"benthic bacteria","Cirratulidae"
"microfauna","Cirratulidae"
"meiofauna","Cirratulidae"
"Benthic algae","Cirratulidae"
"Detritus","Cirratulidae"
"benthic bacteria","Maldanidae"
"microfauna","Maldanidae"
"meiofauna","Maldanidae"
"Benthic algae","Maldanidae"
"Detritus","Maldanidae"
"benthic bacteria","Orbiniidae"
"microfauna","Orbiniidae"
"meiofauna","Orbiniidae"
"Benthic algae","Orbiniidae"
"Detritus","Orbiniidae"
"benthic bacteria","Paraonidae"
"microfauna","Paraonidae"
"meiofauna","Paraonidae"
"Benthic algae","Paraonidae"
"Detritus","Paraonidae"
"benthic bacteria","Pectanaridae"
"microfauna","Pectanaridae"
"meiofauna","Pectanaridae"
"Benthic algae","Pectanaridae"
"Detritus","Pectanaridae"
"benthic bacteria","Syllidae"
"microfauna","Syllidae"
"meiofauna","Syllidae"
"Benthic algae","Syllidae"
"Detritus","Syllidae"
"benthic bacteria","Amphitritidae"
"microfauna","Amphitritidae"
"meiofauna","Amphitritidae"
"Benthic algae","Amphitritidae"
"Detritus","Amphitritidae"
"benthic bacteria","Spionidae"
"microfauna","Spionidae"
"meiofauna","Spionidae"
"Benthic algae","Spionidae"
"Detritus","Spionidae"
"benthic bacteria","Glyceridae"
"microfauna","Glyceridae"
"meiofauna","Glyceridae"
"Acunmindeutopus naglei","Glyceridae"
"Amphithoe longimana","Glyceridae"
"Caprella penantis","Glyceridae"
"Cymadusa compta","Glyceridae"
"Lembos rectanularis","Glyceridae"
"Batea catharinensis","Glyceridae"
"Elasmopus levis","Glyceridae"
"Melita","Glyceridae"
"Synchelidium","Glyceridae"
"Listriella barnardi","Glyceridae"
"Lysianopsis alba","Glyceridae"
"Brachiodontes exustus","Glyceridae"
"Chione cancellata","Glyceridae"
"Argopecten irradians","Glyceridae"
"Crepidula fornicata","Glyceridae"
"Crepidula convexa","Glyceridae"
"Ampelisca","Glyceridae"
"Gammarus mucronatus","Glyceridae"
"Cerapus tubularis","Glyceridae"
"Corophium","Glyceridae"
"Cumacea","Glyceridae"
"Tanaidacea","Glyceridae"
"Ostracoda","Glyceridae"
"Mysidopsis","Glyceridae"
"Acteocina candei","Glyceridae"
"Schwartziella catesbyana","Glyceridae"
"Cadulus carolinensis","Glyceridae"
"Haminoea succinea","Glyceridae"
"Acteon punctostriatus","Glyceridae"
"Olivella mutica","Glyceridae"
"Truncatella pulchella","Glyceridae"
"Nassarius vibex","Glyceridae"
"benthic bacteria","Nereidae"
"microfauna","Nereidae"
"meiofauna","Nereidae"
"Acunmindeutopus naglei","Nereidae"
"Amphithoe longimana","Nereidae"
"Caprella penantis","Nereidae"
"Cymadusa compta","Nereidae"
"Lembos rectanularis","Nereidae"
"Batea catharinensis","Nereidae"
"Elasmopus levis","Nereidae"
"Melita","Nereidae"
"Synchelidium","Nereidae"
"Listriella barnardi","Nereidae"
"Lysianopsis alba","Nereidae"
"Brachiodontes exustus","Nereidae"
"Chione cancellata","Nereidae"
"Argopecten irradians","Nereidae"
"Crepidula fornicata","Nereidae"
"Crepidula convexa","Nereidae"
"Ampelisca","Nereidae"
"Gammarus mucronatus","Nereidae"
"Cerapus tubularis","Nereidae"
"Corophium","Nereidae"
"Cumacea","Nereidae"
"Tanaidacea","Nereidae"
"Ostracoda","Nereidae"
"Mysidopsis","Nereidae"
"Acteocina candei","Nereidae"
"Schwartziella catesbyana","Nereidae"
"Cadulus carolinensis","Nereidae"
"Haminoea succinea","Nereidae"
"Acteon punctostriatus","Nereidae"
"Olivella mutica","Nereidae"
"Truncatella pulchella","Nereidae"
"Nassarius vibex","Nereidae"
"benthic bacteria","Onuphidae"
"microfauna","Onuphidae"
"meiofauna","Onuphidae"
"Acunmindeutopus naglei","Onuphidae"
"Amphithoe longimana","Onuphidae"
"Caprella penantis","Onuphidae"
"Cymadusa compta","Onuphidae"
"Lembos rectanularis","Onuphidae"
"Batea catharinensis","Onuphidae"
"Elasmopus levis","Onuphidae"
"Melita","Onuphidae"
"Synchelidium","Onuphidae"
"Listriella barnardi","Onuphidae"
"Lysianopsis alba","Onuphidae"
"Brachiodontes exustus","Onuphidae"
"Chione cancellata","Onuphidae"
"Argopecten irradians","Onuphidae"
"Crepidula fornicata","Onuphidae"
"Crepidula convexa","Onuphidae"
"Ampelisca","Onuphidae"
"Gammarus mucronatus","Onuphidae"
"Cerapus tubularis","Onuphidae"
"Corophium","Onuphidae"
"Cumacea","Onuphidae"
"Tanaidacea","Onuphidae"
"Ostracoda","Onuphidae"
"Mysidopsis","Onuphidae"
"Acteocina candei","Onuphidae"
"Schwartziella catesbyana","Onuphidae"
"Cadulus carolinensis","Onuphidae"
"Haminoea succinea","Onuphidae"
"Acteon punctostriatus","Onuphidae"
"Olivella mutica","Onuphidae"
"Truncatella pulchella","Onuphidae"
"Nassarius vibex","Onuphidae"
"benthic bacteria","Hesionidae"
"microfauna","Hesionidae"
"meiofauna","Hesionidae"
"Acunmindeutopus naglei","Hesionidae"
"Amphithoe longimana","Hesionidae"
"Caprella penantis","Hesionidae"
"Cymadusa compta","Hesionidae"
"Lembos rectanularis","Hesionidae"
"Batea catharinensis","Hesionidae"
"Elasmopus levis","Hesionidae"
"Melita","Hesionidae"
"Synchelidium","Hesionidae"
"Listriella barnardi","Hesionidae"
"Lysianopsis alba","Hesionidae"
"Brachiodontes exustus","Hesionidae"
"Chione cancellata","Hesionidae"
"Argopecten irradians","Hesionidae"
"Crepidula fornicata","Hesionidae"
"Crepidula convexa","Hesionidae"
"Ampelisca","Hesionidae"
"Gammarus mucronatus","Hesionidae"
"Cerapus tubularis","Hesionidae"
"Corophium","Hesionidae"
"Cumacea","Hesionidae"
"Tanaidacea","Hesionidae"
"Ostracoda","Hesionidae"
"Mysidopsis","Hesionidae"
"Acteocina candei","Hesionidae"
"Schwartziella catesbyana","Hesionidae"
"Cadulus carolinensis","Hesionidae"
"Haminoea succinea","Hesionidae"
"Acteon punctostriatus","Hesionidae"
"Olivella mutica","Hesionidae"
"Truncatella pulchella","Hesionidae"
"Nassarius vibex","Hesionidae"
"benthic bacteria","Nemertines"
"microfauna","Nemertines"
"meiofauna","Nemertines"
"Acunmindeutopus naglei","Nemertines"
"Amphithoe longimana","Nemertines"
"Caprella penantis","Nemertines"
"Cymadusa compta","Nemertines"
"Lembos rectanularis","Nemertines"
"Batea catharinensis","Nemertines"
"Elasmopus levis","Nemertines"
"Melita","Nemertines"
"Synchelidium","Nemertines"
"Listriella barnardi","Nemertines"
"Lysianopsis alba","Nemertines"
"Brachiodontes exustus","Nemertines"
"Chione cancellata","Nemertines"
"Argopecten irradians","Nemertines"
"Crepidula fornicata","Nemertines"
"Crepidula convexa","Nemertines"
"Ampelisca","Nemertines"
"Gammarus mucronatus","Nemertines"
"Cerapus tubularis","Nemertines"
"Corophium","Nemertines"
"Cumacea","Nemertines"
"Tanaidacea","Nemertines"
"Ostracoda","Nemertines"
"Mysidopsis","Nemertines"
"Acteocina candei","Nemertines"
"Schwartziella catesbyana","Nemertines"
"Cadulus carolinensis","Nemertines"
"Haminoea succinea","Nemertines"
"Acteon punctostriatus","Nemertines"
"Olivella mutica","Nemertines"
"Truncatella pulchella","Nemertines"
"Nassarius vibex","Nemertines"
"Acartia tonsa","Serpulidae"
"Foraminifera","Serpulidae"
"Harpacticoid","Serpulidae"
"Nematode","Serpulidae"
"Pycnogonid","Serpulidae"
"Detritus","Serpulidae"
"Acartia tonsa","Sabellidae"
"Foraminifera","Sabellidae"
"Harpacticoid","Sabellidae"
"Nematode","Sabellidae"
"Pycnogonid","Sabellidae"
"Detritus","Sabellidae"
"bacterioplankton","Acartia tonsa"
"microprotozoa","Acartia tonsa"
"Phytoplankton","Acartia tonsa"
"bacterioplankton","Foraminifera"
"microprotozoa","Foraminifera"
"Phytoplankton","Foraminifera"
"bacterioplankton","Harpacticoid"
"microprotozoa","Harpacticoid"
"Phytoplankton","Harpacticoid"
"bacterioplankton","Nematode"
"microprotozoa","Nematode"
"Phytoplankton","Nematode"
"bacterioplankton","Pycnogonid"
"microprotozoa","Pycnogonid"
"Phytoplankton","Pycnogonid"
"Pagurus mclaughlini","Rallus longirostris"
"Neopanope texana","Rallus longirostris"
"Pinixia floridana","Rallus longirostris"
"Acteocina candei","Rallus longirostris"
"Schwartziella catesbyana","Rallus longirostris"
"Cadulus carolinensis","Rallus longirostris"
"Haminoea succinea","Rallus longirostris"
"Acteon punctostriatus","Rallus longirostris"
"Olivella mutica","Rallus longirostris"
"Truncatella pulchella","Rallus longirostris"
"Nassarius vibex","Rallus longirostris"
"Cerithium lutosum","Rallus longirostris"
"Mitrella lunata","Rallus longirostris"
"Solariella lamellosa","Rallus longirostris"
"Anachis avara","Rallus longirostris"
"Mangelia plicosa","Rallus longirostris"
"Hylina veliei","Rallus longirostris"
"Jaspidella jaspidea","Rallus longirostris"
"Aricidea sp.","Rallus longirostris"
"Capitellidae","Rallus longirostris"
"Cirratulidae","Rallus longirostris"
"Maldanidae","Rallus longirostris"
"Orbiniidae","Rallus longirostris"
"Paraonidae","Rallus longirostris"
"Pectanaridae","Rallus longirostris"
"Syllidae","Rallus longirostris"
"Amphitritidae","Rallus longirostris"
"Spionidae","Rallus longirostris"
"Glyceridae","Rallus longirostris"
"Nereidae","Rallus longirostris"
"Onuphidae","Rallus longirostris"
"Hesionidae","Rallus longirostris"
"Nemertines","Rallus longirostris"
"Serpulidae","Rallus longirostris"
"Sabellidae","Rallus longirostris"
"Pagurus mclaughlini","Bucephala albeola"
"Neopanope texana","Bucephala albeola"
"Pinixia floridana","Bucephala albeola"
"Acteocina candei","Bucephala albeola"
"Schwartziella catesbyana","Bucephala albeola"
"Cadulus carolinensis","Bucephala albeola"
"Haminoea succinea","Bucephala albeola"
"Acteon punctostriatus","Bucephala albeola"
"Olivella mutica","Bucephala albeola"
"Truncatella pulchella","Bucephala albeola"
"Nassarius vibex","Bucephala albeola"
"Cerithium lutosum","Bucephala albeola"
"Mitrella lunata","Bucephala albeola"
"Solariella lamellosa","Bucephala albeola"
"Anachis avara","Bucephala albeola"
"Mangelia plicosa","Bucephala albeola"
"Hylina veliei","Bucephala albeola"
"Jaspidella jaspidea","Bucephala albeola"
"Aricidea sp.","Bucephala albeola"
"Capitellidae","Bucephala albeola"
"Cirratulidae","Bucephala albeola"
"Maldanidae","Bucephala albeola"
"Orbiniidae","Bucephala albeola"
"Paraonidae","Bucephala albeola"
"Pectanaridae","Bucephala albeola"
"Syllidae","Bucephala albeola"
"Amphitritidae","Bucephala albeola"
"Spionidae","Bucephala albeola"
"Glyceridae","Bucephala albeola"
"Nereidae","Bucephala albeola"
"Onuphidae","Bucephala albeola"
"Hesionidae","Bucephala albeola"
"Nemertines","Bucephala albeola"
"Serpulidae","Bucephala albeola"
"Sabellidae","Bucephala albeola"
"Pagurus mclaughlini","Charadrius semipalmatus"
"Neopanope texana","Charadrius semipalmatus"
"Pinixia floridana","Charadrius semipalmatus"
"Acteocina candei","Charadrius semipalmatus"
"Schwartziella catesbyana","Charadrius semipalmatus"
"Cadulus carolinensis","Charadrius semipalmatus"
"Haminoea succinea","Charadrius semipalmatus"
"Acteon punctostriatus","Charadrius semipalmatus"
"Olivella mutica","Charadrius semipalmatus"
"Truncatella pulchella","Charadrius semipalmatus"
"Nassarius vibex","Charadrius semipalmatus"
"Cerithium lutosum","Charadrius semipalmatus"
"Mitrella lunata","Charadrius semipalmatus"
"Solariella lamellosa","Charadrius semipalmatus"
"Anachis avara","Charadrius semipalmatus"
"Mangelia plicosa","Charadrius semipalmatus"
"Hylina veliei","Charadrius semipalmatus"
"Jaspidella jaspidea","Charadrius semipalmatus"
"Aricidea sp.","Charadrius semipalmatus"
"Capitellidae","Charadrius semipalmatus"
"Cirratulidae","Charadrius semipalmatus"
"Maldanidae","Charadrius semipalmatus"
"Orbiniidae","Charadrius semipalmatus"
"Paraonidae","Charadrius semipalmatus"
"Pectanaridae","Charadrius semipalmatus"
"Syllidae","Charadrius semipalmatus"
"Amphitritidae","Charadrius semipalmatus"
"Spionidae","Charadrius semipalmatus"
"Glyceridae","Charadrius semipalmatus"
"Nereidae","Charadrius semipalmatus"
"Onuphidae","Charadrius semipalmatus"
"Hesionidae","Charadrius semipalmatus"
"Nemertines","Charadrius semipalmatus"
"Serpulidae","Charadrius semipalmatus"
"Sabellidae","Charadrius semipalmatus"
"Paralichthyes albigutta","Casmerodius albus"
"Strongylura marina","Casmerodius albus"
"Cyprinodon variegatus variegatus","Casmerodius albus"
"Leiostomus xanthurus","Casmerodius albus"
"Paralichthyes albigutta","Gavia immer"
"Strongylura marina","Gavia immer"
"Cyprinodon variegatus variegatus","Gavia immer"
"Leiostomus xanthurus","Gavia immer"
"Paralichthyes albigutta","Ardea herodias"
"Strongylura marina","Ardea herodias"
"Cyprinodon variegatus variegatus","Ardea herodias"
"Leiostomus xanthurus","Ardea herodias"
"Paralichthyes albigutta","Hydranassa tricolor"
"Strongylura marina","Hydranassa tricolor"
"Cyprinodon variegatus variegatus","Hydranassa tricolor"
"Leiostomus xanthurus","Hydranassa tricolor"
"Paralichthyes albigutta","Mergus serrator"
"Strongylura marina","Mergus serrator"
"Cyprinodon variegatus variegatus","Mergus serrator"
"Leiostomus xanthurus","Mergus serrator"
"Paralichthyes albigutta","Phalacrocorax carbo"
"Strongylura marina","Phalacrocorax carbo"
"Cyprinodon variegatus variegatus","Phalacrocorax carbo"
"Leiostomus xanthurus","Phalacrocorax carbo"
"Paralichthyes albigutta","Megaceryle alcyon"
"Strongylura marina","Megaceryle alcyon"
"Cyprinodon variegatus variegatus","Megaceryle alcyon"
"Leiostomus xanthurus","Megaceryle alcyon"
"Pagurus mclaughlini","Lophodytes cucullatus"
"Palaemonetes floridanus","Lophodytes cucullatus"
"Penaeus duorum","Lophodytes cucullatus"
"Processa bermudensis","Lophodytes cucullatus"
"Urophycis floridana","Lophodytes cucullatus"
"Prionotus scitulus","Lophodytes cucullatus"
"Prionotus tribulus","Lophodytes cucullatus"
"Menidia beryllina","Lophodytes cucullatus"
"Anchoa mitchelli","Lophodytes cucullatus"
"Cyprinodon variegatus variegatus","Lophodytes cucullatus"
"Fundulus similis","Lophodytes cucullatus"
"Fundulus confluentus","Lophodytes cucullatus"
"Adinia xenica","Lophodytes cucullatus"
"Microgobius gulosus","Lophodytes cucullatus"
"Gobiosoma robustum","Lophodytes cucullatus"
"Lagodon rhomboides","Lophodytes cucullatus"
"Leiostomus xanthurus","Lophodytes cucullatus"
"Pagurus mclaughlini","Catoptrophorus semipalmatus"
"Palaemonetes floridanus","Catoptrophorus semipalmatus"
"Penaeus duorum","Catoptrophorus semipalmatus"
"Processa bermudensis","Catoptrophorus semipalmatus"
"Urophycis floridana","Catoptrophorus semipalmatus"
"Prionotus scitulus","Catoptrophorus semipalmatus"
"Prionotus tribulus","Catoptrophorus semipalmatus"
"Menidia beryllina","Catoptrophorus semipalmatus"
"Anchoa mitchelli","Catoptrophorus semipalmatus"
"Cyprinodon variegatus variegatus","Catoptrophorus semipalmatus"
"Fundulus similis","Catoptrophorus semipalmatus"
"Fundulus confluentus","Catoptrophorus semipalmatus"
"Adinia xenica","Catoptrophorus semipalmatus"
"Microgobius gulosus","Catoptrophorus semipalmatus"
"Gobiosoma robustum","Catoptrophorus semipalmatus"
"Lagodon rhomboides","Catoptrophorus semipalmatus"
"Leiostomus xanthurus","Catoptrophorus semipalmatus"
"Pagurus mclaughlini","Tringa melanoleuca"
"Palaemonetes floridanus","Tringa melanoleuca"
"Penaeus duorum","Tringa melanoleuca"
"Processa bermudensis","Tringa melanoleuca"
"Urophycis floridana","Tringa melanoleuca"
"Prionotus scitulus","Tringa melanoleuca"
"Prionotus tribulus","Tringa melanoleuca"
"Menidia beryllina","Tringa melanoleuca"
"Anchoa mitchelli","Tringa melanoleuca"
"Cyprinodon variegatus variegatus","Tringa melanoleuca"
"Fundulus similis","Tringa melanoleuca"
"Fundulus confluentus","Tringa melanoleuca"
"Adinia xenica","Tringa melanoleuca"
"Microgobius gulosus","Tringa melanoleuca"
"Gobiosoma robustum","Tringa melanoleuca"
"Lagodon rhomboides","Tringa melanoleuca"
"Leiostomus xanthurus","Tringa melanoleuca"
"Pagurus mclaughlini","Sterna forsteri"
"Neopanope texana","Sterna forsteri"
"Pinixia floridana","Sterna forsteri"
"Callinectes sapidus","Sterna forsteri"
"Palaemonetes floridanus","Sterna forsteri"
"Penaeus duorum","Sterna forsteri"
"Processa bermudensis","Sterna forsteri"
"Menidia beryllina","Sterna forsteri"
"Anchoa mitchelli","Sterna forsteri"
"Cyprinodon variegatus variegatus","Sterna forsteri"
"Pagurus mclaughlini","Larus atricilla"
"Neopanope texana","Larus atricilla"
"Pinixia floridana","Larus atricilla"
"Callinectes sapidus","Larus atricilla"
"Palaemonetes floridanus","Larus atricilla"
"Penaeus duorum","Larus atricilla"
"Processa bermudensis","Larus atricilla"
"Menidia beryllina","Larus atricilla"
"Anchoa mitchelli","Larus atricilla"
"Cyprinodon variegatus variegatus","Larus atricilla"
"Pagurus mclaughlini","Larus argentatus"
"Neopanope texana","Larus argentatus"
"Pinixia floridana","Larus argentatus"
"Callinectes sapidus","Larus argentatus"
"Palaemonetes floridanus","Larus argentatus"
"Penaeus duorum","Larus argentatus"
"Processa bermudensis","Larus argentatus"
"Menidia beryllina","Larus argentatus"
"Anchoa mitchelli","Larus argentatus"
"Cyprinodon variegatus variegatus","Larus argentatus"
"Pagurus mclaughlini","Larus delawarensis"
"Neopanope texana","Larus delawarensis"
"Pinixia floridana","Larus delawarensis"
"Callinectes sapidus","Larus delawarensis"
"Palaemonetes floridanus","Larus delawarensis"
"Penaeus duorum","Larus delawarensis"
"Processa bermudensis","Larus delawarensis"
"Menidia beryllina","Larus delawarensis"
"Anchoa mitchelli","Larus delawarensis"
"Cyprinodon variegatus variegatus","Larus delawarensis"
"Dasyatis sabina","Haliaeetus leucocephalus"
"Arius felis","Haliaeetus leucocephalus"
"Paralichthyes albigutta","Haliaeetus leucocephalus"
"Strongylura marina","Haliaeetus leucocephalus"
"Cyprinodon variegatus variegatus","Haliaeetus leucocephalus"
"Dasyatis sabina","Circus cyaneus"
"Arius felis","Circus cyaneus"
"Paralichthyes albigutta","Circus cyaneus"
"Strongylura marina","Circus cyaneus"
"Cyprinodon variegatus variegatus","Circus cyaneus"
"Brachiodontes exustus","Anas discors"
"Chione cancellata","Anas discors"
"Argopecten irradians","Anas discors"
"Crepidula fornicata","Anas discors"
"Crepidula convexa","Anas discors"
"Acteocina candei","Anas discors"
"Schwartziella catesbyana","Anas discors"
"Cadulus carolinensis","Anas discors"
"Haminoea succinea","Anas discors"
"Acteon punctostriatus","Anas discors"
"Olivella mutica","Anas discors"
"Truncatella pulchella","Anas discors"
"Nassarius vibex","Anas discors"
"Halodule wrightii","Anas discors"
"Micro-epiphytes","Anas discors"
